countyFIPS,County Name,"Less than $10,000","$10,000 to $14,999","$15,000 to $24,999","$25,000 to $34,999","$35,000 to $49,999","$50,000 to $74,999","$75,000 to $99,999","$100,000 to $149,999","$150,000 to $199,999","$200,000 or more",Below Poverty Level
0500000US01003,"Baldwin County, Alabama",4068,3189,7760,8552,13600,11589,10969,13141,4064,5393,10.1
0500000US01015,"Calhoun County, Alabama",4307,3273,3768,5842,5696,8345,5439,5758,1229,979,17.3
0500000US01043,"Cullman County, Alabama",1410,1719,3517,4241,4768,7054,4921,2748,929,783,10.6
0500000US01049,"DeKalb County, Alabama",1790,2095,3888,1880,4202,4713,2659,2725,755,173,19.6
0500000US01051,"Elmore County, Alabama",877,577,4064,3303,3172,6435,3511,5015,1971,1787,11.6
0500000US01055,"Etowah County, Alabama",3955,2524,6354,4740,5358,6999,3889,4123,1190,921,19.7
0500000US01069,"Houston County, Alabama",3656,2368,4445,4437,4922,7497,4064,4607,2054,1711,20.5
0500000US01073,"Jefferson County, Alabama",25616,13321,23577,27580,33319,45057,25939,37430,15571,17343,16.3
0500000US01077,"Lauderdale County, Alabama",3621,2724,4200,3943,5874,6434,5136,4847,909,1073,16.4
0500000US01081,"Lee County, Alabama",7241,4051,7518,4042,7852,11558,6347,8389,3682,3768,15.8
0500000US01083,"Limestone County, Alabama",1181,1887,2689,3917,3227,5370,3776,6058,2161,1754,14
0500000US01089,"Madison County, Alabama",8067,6920,13904,13683,18283,22622,19353,27356,14364,11326,11.8
0500000US01095,"Marshall County, Alabama",2813,1623,4451,2858,5987,7506,4244,3460,1260,1128,16.1
0500000US01097,"Mobile County, Alabama",14009,8974,17521,15941,22112,31602,16433,17582,6772,5000,17.4
0500000US01101,"Montgomery County, Alabama",7165,3185,8178,8938,13972,17948,9839,11827,3970,3842,14.6
0500000US01103,"Morgan County, Alabama",3149,2480,4365,5109,5967,9096,5614,6467,2283,1940,14.1
0500000US01115,"St. Clair County, Alabama",1271,940,2566,2871,4128,6620,4534,7306,1306,1287,9.7
0500000US01117,"Shelby County, Alabama",3300,2320,6226,5754,9084,15059,11239,16587,6729,7750,5.6
0500000US01121,"Talladega County, Alabama",2965,2071,4131,3744,2350,5011,4122,4361,1106,741,17
0500000US01125,"Tuscaloosa County, Alabama",6695,3686,7846,8158,9344,13079,6252,11212,4087,3900,16.3
0500000US01127,"Walker County, Alabama",1852,1339,3616,2734,3773,4088,3012,3445,821,473,17.7
0500000US02020,"Anchorage Municipality, Alaska",4044,2878,4849,6930,10627,18496,13751,21469,11374,10780,10.1
0500000US02090,"Fairbanks North Star Borough, Alaska",982,663,2741,2030,4101,7628,3954,5696,3344,4417,5.9
0500000US02170,"Matanuska-Susitna Borough, Alaska",1480,934,2513,2248,3145,6134,4787,5884,2846,2765,9.9
0500000US04001,"Apache County, Arizona",4671,1389,2852,2584,2569,3037,1305,2069,297,152,34.6
0500000US04003,"Cochise County, Arizona",4049,2357,5162,5699,9591,8130,5585,7417,2545,1447,16.3
0500000US04005,"Coconino County, Arizona",4541,2678,3294,3320,6782,8901,5339,7357,4046,2735,15.8
0500000US04013,"Maricopa County, Arizona",80144,45654,115320,121260,205647,299833,221410,271501,117458,133495,12.1
0500000US04015,"Mohave County, Arizona",4459,4485,11047,10225,15142,20482,11499,8963,2483,2310,15.7
0500000US04017,"Navajo County, Arizona",4939,1981,4181,6142,6118,6087,3827,3800,1068,589,25.6
0500000US04019,"Pima County, Arizona",28517,17468,39605,41220,59379,71525,53833,56685,21530,20642,13.8
0500000US04021,"Pinal County, Arizona",6375,4796,12508,12445,22347,33295,22380,24629,8648,5990,11.9
0500000US04025,"Yavapai County, Arizona",5685,5142,11048,9695,16055,21693,11775,12374,4359,4958,12
0500000US04027,"Yuma County, Arizona",7749,4168,8263,8107,10773,13909,11006,7010,1709,1348,21.4
0500000US05007,"Benton County, Arkansas",4458,3429,7001,7790,11307,19583,15074,16107,6214,9786,9.1
0500000US05031,"Craighead County, Arkansas",2580,2063,6172,5685,5561,6125,4074,6045,1388,1716,17.7
0500000US05045,"Faulkner County, Arkansas",4127,1497,5177,4333,5773,9605,7177,6188,1447,2065,16.3
0500000US05051,"Garland County, Arkansas",3453,3343,4782,4208,6988,8207,4279,3458,1933,1092,17.4
0500000US05069,"Jefferson County, Arkansas",3156,3392,2993,2579,4815,4107,2899,2208,552,892,24.7
0500000US05085,"Lonoke County, Arkansas",1797,935,1991,1801,3588,4978,3968,4229,1828,937,11.1
0500000US05119,"Pulaski County, Arkansas",10839,9370,14878,17056,23669,30272,15301,20997,8052,7566,14.3
0500000US05125,"Saline County, Arkansas",1456,2731,3440,3526,5617,9317,5871,8909,3166,1422,10.9
0500000US05131,"Sebastian County, Arkansas",3205,2737,6242,7185,7028,9703,5903,6023,1628,1730,16.1
0500000US05143,"Washington County, Arkansas",6737,3340,10367,9411,14195,15162,9547,11642,3784,5064,16.6
0500000US05145,"White County, Arkansas",1895,1808,4810,3435,3490,5522,2846,3251,924,640,15.3
0500000US06001,"Alameda County, California",24334,19977,28952,27856,37689,67998,62451,111466,74927,129982,8.9
0500000US06007,"Butte County, California",4841,4402,7068,8172,8029,12963,10529,10839,4045,6763,15.9
0500000US06013,"Contra Costa County, California",13301,11336,16155,19036,27466,48645,50121,75538,48633,89561,7.9
0500000US06017,"El Dorado County, California",3289,3428,4262,4505,6508,10129,8895,14875,7741,10584,9.3
0500000US06019,"Fresno County, California",24453,16677,30663,32033,36318,53838,39127,45606,20352,16907,20.6
0500000US06023,"Humboldt County, California",4253,6531,3934,4582,7888,8536,6390,7067,3084,3427,19.6
0500000US06025,"Imperial County, California",3293,5026,5553,4349,7012,7028,6229,5985,2276,1431,25.1
0500000US06029,"Kern County, California",15195,17425,31836,27508,36361,47108,28156,37677,17576,14046,19.1
0500000US06031,"Kings County, California",2051,1117,5074,4974,6037,9906,5707,5393,2902,1600,15.2
0500000US06033,"Lake County, California",1410,2148,2441,2897,5468,3837,2775,2803,1239,950,18.9
0500000US06037,"Los Angeles County, California",179792,143991,248893,243197,348692,539736,411556,557758,280131,374652,13.4
0500000US06039,"Madera County, California",2666,759,3223,6245,5120,7147,6278,8181,2590,2178,17.6
0500000US06041,"Marin County, California",3559,2653,4694,4975,9295,11135,11553,16796,10574,30064,6.7
0500000US06045,"Mendocino County, California",1315,2706,4064,3202,5218,6425,3612,4937,1600,1399,13.2
0500000US06047,"Merced County, California",2718,3659,7663,7126,12042,16130,10945,11267,4726,4369,16.8
0500000US06053,"Monterey County, California",4158,2881,10662,9011,13878,20482,20215,23785,9614,13541,12.7
0500000US06055,"Napa County, California",1625,1541,1804,1942,5167,6790,6788,8424,5425,8601,6.8
0500000US06057,"Nevada County, California",1370,622,3780,4380,5771,5320,5344,5296,2671,4811,8.4
0500000US06059,"Orange County, California",42330,26740,51354,56531,86269,148121,129652,205403,120403,177477,9.4
0500000US06061,"Placer County, California",4092,3661,8170,8389,10955,20000,19882,30624,17286,24177,7.1
0500000US06065,"Riverside County, California",36422,26920,53159,50926,80725,126710,99515,135295,63507,61769,11.3
0500000US06067,"Sacramento County, California",24302,22101,39736,43256,62036,98215,76266,96618,47268,46954,12.6
0500000US06071,"San Bernardino County, California",31350,24284,46904,56048,77558,112917,94889,112289,48506,40013,13.3
0500000US06073,"San Diego County, California",46120,36978,67927,71452,111453,172957,151966,213161,110173,150247,10.3
0500000US06075,"San Francisco County, California",14708,18563,17589,15520,21279,37286,29852,54943,43690,112421,9.5
0500000US06077,"San Joaquin County, California",10304,7429,18363,19450,25534,43449,28245,38797,20782,17888,13.7
0500000US06079,"San Luis Obispo County, California",4565,3501,7641,7986,12675,15301,14436,20200,10442,9765,11.9
0500000US06081,"San Mateo County, California",5991,5156,10955,9383,16971,27100,22967,44746,33600,88134,6
0500000US06083,"Santa Barbara County, California",7692,4196,9418,8160,18542,24604,18347,24942,10682,19883,12
0500000US06085,"Santa Clara County, California",15900,14760,23079,27427,37848,69776,60495,105936,85023,203393,6.1
0500000US06087,"Santa Cruz County, California",2887,3322,7083,6240,9608,11775,11953,17775,10155,16912,10.1
0500000US06089,"Shasta County, California",3582,4316,8000,5174,9048,11733,10531,10635,5770,3925,12.6
0500000US06095,"Solano County, California",6592,3250,6450,9455,14543,24099,23470,30887,16436,15211,8.9
0500000US06097,"Sonoma County, California",5502,5102,7965,12457,17673,30647,29719,35816,20487,25321,6.8
0500000US06099,"Stanislaus County, California",8280,6863,13691,16380,23093,32817,24184,29611,10608,9171,12.7
0500000US06101,"Sutter County, California",1166,1714,2697,3233,4104,6136,3881,4686,3130,2292,12.4
0500000US06103,"Tehama County, California",2380,1020,3303,2353,3356,3635,3064,2874,2492,833,18.3
0500000US06107,"Tulare County, California",8059,6007,13514,14866,20202,26941,19550,19775,10338,4857,18.8
0500000US06111,"Ventura County, California",8133,5613,13429,14520,25070,37165,40415,54775,31873,37531,7.9
0500000US06113,"Yolo County, California",5475,3781,4374,5052,6633,14416,7898,12673,7174,8599,18.1
0500000US06115,"Yuba County, California",2778,1104,1733,2116,3415,5660,3062,3911,1584,1464,14.7
0500000US08001,"Adams County, Colorado",6243,4587,10506,11716,20253,31585,27849,31704,16219,11315,8.9
0500000US08005,"Arapahoe County, Colorado",9304,4653,10419,13998,27559,46873,33268,47454,25146,27628,6.9
0500000US08013,"Boulder County, Colorado",7674,3423,7703,6627,11808,19353,18061,22367,13852,20986,10.9
0500000US08014,"Broomfield County, Colorado",493,277,593,1067,2108,3859,4140,5570,4653,5302,3.5
0500000US08031,"Denver County, Colorado",17500,11322,21040,21964,31262,54539,39635,57030,26937,37216,11.7
0500000US08035,"Douglas County, Colorado",2128,1037,3113,5607,5987,13952,16672,31087,21019,26874,2.5
0500000US08041,"El Paso County, Colorado",11707,7386,16685,19348,30494,51967,39172,46256,22619,20164,8.5
0500000US08059,"Jefferson County, Colorado",8076,3781,11870,12881,22150,40721,30235,49911,24847,32024,7.1
0500000US08069,"Larimer County, Colorado",7395,4685,10722,8839,15014,26447,20949,24654,14050,13883,11.3
0500000US08077,"Mesa County, Colorado",3609,2685,4900,5182,9668,13762,7957,9545,3192,3144,10.7
0500000US08101,"Pueblo County, Colorado",5174,4175,6535,6945,9829,11602,9311,8286,2537,1717,17.9
0500000US08123,"Weld County, Colorado",3933,3267,7790,7149,10866,19431,15908,24974,10380,7600,7.9
0500000US09001,"Fairfield County, Connecticut",14141,11168,21045,16360,29399,45744,35139,53329,36748,77484,9.1
0500000US09003,"Hartford County, Connecticut",22812,13196,24640,24602,35140,55283,45538,62462,33211,36350,10.9
0500000US09005,"Litchfield County, Connecticut",2141,2544,4180,5198,7495,12751,9491,13212,8371,8586,7.3
0500000US09007,"Middlesex County, Connecticut",3653,1870,5209,5004,6391,10836,7424,11698,7454,7345,7.3
0500000US09009,"New Haven County, Connecticut",20118,14613,30584,25664,34048,50074,41480,53847,27620,30958,12.2
0500000US09011,"New London County, Connecticut",4270,2523,7429,8438,12913,18949,15663,20106,8787,10674,7.2
0500000US09013,"Tolland County, Connecticut",3032,1255,2695,3694,4780,7797,6866,12465,6164,8001,8.3
0500000US09015,"Windham County, Connecticut",3189,1777,3783,4486,6333,7090,7211,7188,3196,2762,12.3
0500000US10001,"Kent County, Delaware",4104,4185,5103,5319,10625,13567,8597,10695,4395,1433,13
0500000US10003,"New Castle County, Delaware",11974,5510,13436,13335,20830,39036,29330,37022,20284,20835,10.1
0500000US10005,"Sussex County, Delaware",4259,3908,8011,8483,13429,16303,13277,16304,7172,5478,12.6
0500000US11001,"District of Columbia, District of Columbia",23471,9733,14320,13316,24815,35334,32011,47320,30966,60284,13.5
0500000US12001,"Alachua County, Florida",11385,4384,11624,9856,14783,15809,10730,13974,4226,6253,18.6
0500000US12005,"Bay County, Florida",4546,1970,4934,5422,9992,15660,10863,8598,4280,2930,10.3
0500000US12009,"Brevard County, Florida",9688,8424,20700,23176,37398,42706,29427,31428,14639,12457,8.7
0500000US12011,"Broward County, Florida",44500,29737,58206,62667,92796,126794,87170,101389,45433,56780,12.2
0500000US12015,"Charlotte County, Florida",3991,2860,10133,7635,11333,13418,9617,10597,3662,3343,12
0500000US12017,"Citrus County, Florida",5244,3233,7637,7611,8012,13418,7750,6656,2686,2201,15.7
0500000US12019,"Clay County, Florida",2450,1307,4755,4549,8924,14447,12906,14836,7154,4465,8.5
0500000US12021,"Collier County, Florida",6704,5353,8089,12290,14848,21799,18266,24376,10442,18411,9.3
0500000US12023,"Columbia County, Florida",1789,1190,3780,2652,3882,4652,2325,3110,1211,649,14.1
0500000US12031,"Duval County, Florida",24914,14048,32400,34854,50762,71548,48307,50572,20873,20390,13.6
0500000US12033,"Escambia County, Florida",7886,5465,12892,12146,18148,22764,14403,16799,5090,5025,15.3
0500000US12035,"Flagler County, Florida",1641,1270,5146,4459,6357,8426,5264,6751,3002,2148,10.4
0500000US12053,"Hernando County, Florida",4752,4377,8822,7784,12694,15897,9571,10295,2945,1618,12.3
0500000US12055,"Highlands County, Florida",3113,2609,4900,3535,7894,9608,4870,4376,1410,1036,14.4
0500000US12057,"Hillsborough County, Florida",38098,18326,42700,50389,69826,104703,66228,79598,29816,41900,13.5
0500000US12061,"Indian River County, Florida",3561,1907,7019,6204,8818,11333,8497,8852,3671,4055,12.3
0500000US12069,"Lake County, Florida",5611,4876,11242,17762,19452,28129,19096,19619,8226,5179,11.2
0500000US12071,"Lee County, Florida",13229,9586,23873,25111,37799,58146,41370,41169,15601,21003,11.3
0500000US12073,"Leon County, Florida",10640,6119,10846,11608,13527,22491,12744,15300,6052,6956,21.9
0500000US12081,"Manatee County, Florida",5687,3840,13453,12916,19865,26034,19474,23753,8359,11790,11.5
0500000US12083,"Marion County, Florida",9657,5570,19493,13739,24825,30528,18639,14439,4337,4395,15
0500000US12085,"Martin County, Florida",2769,2275,4805,5934,7622,10239,9565,10441,4872,6492,7.4
0500000US12086,"Miami-Dade County, Florida",73214,48790,89094,94037,111246,164077,105186,116398,48379,62384,15.6
0500000US12087,"Monroe County, Florida",1547,1246,2162,2711,3371,6213,3705,6080,2447,3357,8.7
0500000US12089,"Nassau County, Florida",1561,1132,1534,3649,3892,6889,5316,6357,2686,2196,9.9
0500000US12091,"Okaloosa County, Florida",2813,2167,5023,7403,11257,14133,11328,12310,4202,5461,11.4
0500000US12095,"Orange County, Florida",22657,15810,34952,40999,63874,90044,62443,67449,26781,32940,12.6
0500000US12097,"Osceola County, Florida",5857,4283,12067,10012,21104,24377,13688,11970,4851,3330,14.5
0500000US12099,"Palm Beach County, Florida",29825,23106,45970,48042,70299,92883,69548,88753,38065,62424,11.4
0500000US12101,"Pasco County, Florida",12199,9190,21801,20911,32781,37980,26803,30234,10966,9991,11.3
0500000US12103,"Pinellas County, Florida",23932,16266,35352,37966,57440,69777,54128,52779,21068,26578,11.2
0500000US12105,"Polk County, Florida",14451,10842,27209,26755,34360,48828,32225,27501,8634,7824,14
0500000US12107,"Putnam County, Florida",2535,1408,3824,4541,5141,7263,2313,2609,949,283,22.9
0500000US12109,"St. Johns County, Florida",2593,1432,5697,5634,9324,14365,12174,20173,7789,15580,6.4
0500000US12111,"St. Lucie County, Florida",4827,6445,10330,13434,14783,23890,16249,17109,6586,3247,9.7
0500000US12113,"Santa Rosa County, Florida",3210,2303,6211,6668,7143,11728,10521,10608,3317,4478,10.1
0500000US12115,"Sarasota County, Florida",6184,5646,15372,14587,25243,37280,27358,30133,10571,15037,7
0500000US12117,"Seminole County, Florida",7608,4271,12907,14050,23766,33931,25846,27402,14538,16823,9.3
0500000US12119,"Sumter County, Florida",2750,2290,4678,6568,7063,13385,8685,7124,3876,3039,8.1
0500000US12127,"Volusia County, Florida",12270,11039,21776,26458,31209,43367,29425,26625,8487,8795,12.9
0500000US12131,"Walton County, Florida",1422,1065,2030,1870,4987,4081,4399,3456,1477,1688,9.2
0500000US13013,"Barrow County, Georgia",1637,908,1527,2205,2888,6479,4572,5241,1710,598,10
0500000US13015,"Bartow County, Georgia",3642,2825,2340,3409,4485,9051,5067,5890,1739,1294,15.1
0500000US13021,"Bibb County, Georgia",6185,3582,6031,7601,8160,8214,6169,6116,2377,2291,23.4
0500000US13031,"Bulloch County, Georgia",1679,1833,3362,3068,4178,7392,3529,2093,566,960,22.5
0500000US13045,"Carroll County, Georgia",2997,1324,4008,3358,6215,8887,7031,6086,1833,1059,15.1
0500000US13047,"Catoosa County, Georgia",1219,1354,1337,2485,3242,5777,3674,3380,818,844,7.6
0500000US13051,"Chatham County, Georgia",7117,5569,11887,9668,12599,20839,13565,15551,4584,6608,14
0500000US13057,"Cherokee County, Georgia",3127,2461,6296,6112,5469,17647,13123,20342,10254,8610,6.8
0500000US13059,"Clarke County, Georgia",5814,4282,7698,5768,6716,8330,4460,4648,2005,2403,27.2
0500000US13063,"Clayton County, Georgia",6385,4175,10708,8721,16686,24464,10186,11122,3462,1121,15.4
0500000US13067,"Cobb County, Georgia",10709,6690,13260,21382,33180,49883,40760,48761,28694,33633,8.1
0500000US13073,"Columbia County, Georgia",776,441,2271,3647,2930,8489,7950,11071,4185,5130,4.1
0500000US13077,"Coweta County, Georgia",2336,2451,3789,3028,5139,9035,7816,11881,5542,2623,9.9
0500000US13089,"DeKalb County, Georgia",16107,9543,24627,27137,38098,49466,36792,38595,18890,30574,12.4
0500000US13095,"Dougherty County, Georgia",4878,2921,5160,3334,4802,4954,2665,2702,604,610,27.2
0500000US13097,"Douglas County, Georgia",2293,1540,3368,4064,8457,8749,7485,7517,3113,2313,10.8
0500000US13113,"Fayette County, Georgia",959,765,943,2641,3443,7598,6012,7971,4188,6733,5.8
0500000US13115,"Floyd County, Georgia",2145,1453,4924,4023,4992,6405,4234,4574,1565,1128,16.6
0500000US13117,"Forsyth County, Georgia",1499,994,3457,3371,5224,11794,9125,18360,12475,15466,4.3
0500000US13121,"Fulton County, Georgia",27577,14938,29294,27665,44991,63202,49886,70922,39845,71258,13.5
0500000US13127,"Glynn County, Georgia",2024,1305,4505,3341,2859,7606,3609,5790,1680,1895,15.5
0500000US13135,"Gwinnett County, Georgia",11243,6681,17548,23862,37429,59260,41432,55559,25516,22941,9.3
0500000US13139,"Hall County, Georgia",1472,2568,5320,6183,7856,12874,7741,11744,4673,5194,14.5
0500000US13151,"Henry County, Georgia",2534,1732,3775,6547,8933,17386,12042,16268,5565,4768,8.2
0500000US13153,"Houston County, Georgia",4169,2081,3550,5321,7645,10502,9076,9394,4257,2422,10.6
0500000US13157,"Jackson County, Georgia",2074,992,1712,2466,2739,3861,3739,4457,1483,1657,11.1
0500000US13185,"Lowndes County, Georgia",3441,1614,5569,6336,5814,8521,5153,3596,1226,1369,21.2
0500000US13215,"Muscogee County, Georgia",7479,3770,7809,9500,10191,13594,7487,7237,2262,3805,18.2
0500000US13217,"Newton County, Georgia",2111,1816,4040,3591,5301,8674,3665,5783,1660,1226,9.6
0500000US13223,"Paulding County, Georgia",3044,524,3273,2899,7116,10865,10105,12684,4423,1543,6.2
0500000US13245,"Richmond County, Georgia",5330,5195,7428,8248,11193,13933,7242,6255,1557,1980,21
0500000US13247,"Rockdale County, Georgia",2435,774,2243,2754,5445,5661,4603,6113,712,2052,10.5
0500000US13255,"Spalding County, Georgia",1389,1386,2944,2732,3761,5382,3176,2369,1143,1057,17
0500000US13285,"Troup County, Georgia",3148,1265,2756,2499,3120,4474,2668,2875,665,966,22.4
0500000US13295,"Walker County, Georgia",973,2266,3622,3337,3405,6028,3376,2564,540,649,14.2
0500000US13297,"Walton County, Georgia",1500,661,3288,2211,5055,5629,4323,5620,3920,1143,11.1
0500000US13313,"Whitfield County, Georgia",1489,2037,3265,4550,5364,6490,4510,3929,1167,1717,12.5
0500000US15001,"Hawaii County, Hawaii",4389,2849,7397,5477,7031,11564,9339,11917,6190,5040,13.2
0500000US15003,"Honolulu County, Hawaii",14554,8009,15377,19374,25884,52714,42616,65353,33884,38691,8.1
0500000US15007,"Kauai County, Hawaii",1089,240,1535,1150,2655,4151,2733,5289,2099,1957,8.6
0500000US15009,"Maui County, Hawaii",3312,1140,3147,3597,4712,9862,8054,10247,5706,4967,11.9
0500000US16001,"Ada County, Idaho",6743,4635,11456,15641,21531,34823,27577,30752,15116,15886,9.9
0500000US16005,"Bannock County, Idaho",1817,1824,3765,3518,4384,6466,3365,4668,1621,582,13.2
0500000US16019,"Bonneville County, Idaho",2015,1493,4300,2472,6009,7151,5111,7463,2583,2179,8.2
0500000US16027,"Canyon County, Idaho",2581,2837,6152,8081,11633,18020,11778,11369,2506,2492,9.2
0500000US16055,"Kootenai County, Idaho",1809,1381,6770,6430,8393,15780,9082,10491,2446,2701,10
0500000US16083,"Twin Falls County, Idaho",1542,1536,3217,3076,4300,7594,4936,3398,929,1322,9.3
0500000US17001,"Adams County, Illinois",1693,645,2064,2358,4895,5339,4494,3654,1169,682,12.5
0500000US17019,"Champaign County, Illinois",8246,3352,9596,6906,9868,14572,8453,10854,5025,4892,21.1
0500000US17031,"Cook County, Illinois",138823,79650,157237,162840,209331,311034,239438,321037,158227,207996,13
0500000US17037,"DeKalb County, Illinois",3502,663,3873,3291,3782,7197,5276,6585,3046,2115,13.6
0500000US17043,"DuPage County, Illinois",8742,6155,17350,18636,30929,51895,43710,71713,40266,52799,5.9
0500000US17089,"Kane County, Illinois",6087,4343,10513,11475,19455,29887,25726,38929,15297,20511,8.2
0500000US17091,"Kankakee County, Illinois",2426,1232,3451,3159,6600,6049,6116,7309,2168,1073,12.2
0500000US17093,"Kendall County, Illinois",413,109,1986,1779,2578,6806,5332,12380,6174,3807,3.2
0500000US17097,"Lake County, Illinois",9191,6215,13226,13021,24888,35357,30745,45300,27123,42595,7.1
0500000US17099,"LaSalle County, Illinois",2898,1651,4415,4423,6217,8926,6486,6720,2366,1309,12.9
0500000US17111,"McHenry County, Illinois",2474,2188,5717,5680,11684,19292,17065,22544,13695,12330,5.1
0500000US17113,"McLean County, Illinois",7563,1607,4516,3934,6654,10878,8574,11692,4821,4879,15.7
0500000US17115,"Macon County, Illinois",4995,1741,3428,4589,6288,7487,5645,5454,1254,1860,17.4
0500000US17119,"Madison County, Illinois",5352,3682,9469,10205,12120,18646,15288,18997,6989,7356,10.6
0500000US17143,"Peoria County, Illinois",5898,3243,7449,6426,9758,12565,9227,9867,4412,4821,14.8
0500000US17161,"Rock Island County, Illinois",4201,3853,5012,5075,8166,11329,8320,10315,2644,1703,14
0500000US17163,"St. Clair County, Illinois",8006,3303,10742,10428,15025,16956,14573,13634,8095,5394,12.9
0500000US17167,"Sangamon County, Illinois",4803,3459,6764,8151,10889,14793,10828,14133,5251,4192,12.7
0500000US17179,"Tazewell County, Illinois",1761,1823,4860,4945,6459,11034,7369,9373,3145,2358,7.8
0500000US17183,"Vermilion County, Illinois",2136,1170,4426,4412,5568,5391,3360,3373,527,791,16.5
0500000US17197,"Will County, Illinois",6515,5133,13912,11113,21847,34315,34591,50722,26318,25670,6.4
0500000US17199,"Williamson County, Illinois",1250,1411,2835,2501,4106,4735,3743,4646,939,1484,12.1
0500000US17201,"Winnebago County, Illinois",7804,5365,11287,10924,13992,21260,14789,18466,6916,4030,17
0500000US18003,"Allen County, Indiana",7212,5467,12082,15878,23538,29106,18756,20810,7458,5973,10.2
0500000US18005,"Bartholomew County, Indiana",1089,913,3065,2024,3499,5373,5662,4740,1803,2215,13.9
0500000US18011,"Boone County, Indiana",1399,1394,1326,1753,2743,5081,3554,3480,1937,4136,10.1
0500000US18019,"Clark County, Indiana",1810,1173,3832,6168,5979,8927,6512,6082,2296,925,9.8
0500000US18035,"Delaware County, Indiana",3938,3016,5412,6071,6299,8300,5114,5208,1193,1089,22.8
0500000US18039,"Elkhart County, Indiana",4975,2673,7071,6756,9726,13206,8326,10280,2809,2731,9.2
0500000US18043,"Floyd County, Indiana",1449,1338,2295,2266,3602,5981,3896,4097,2282,1338,11.2
0500000US18053,"Grant County, Indiana",1743,1497,3343,2838,5018,5046,3005,3263,854,520,15.3
0500000US18057,"Hamilton County, Indiana",3451,1987,4114,5422,10143,19137,15254,26046,16868,22906,4.6
0500000US18059,"Hancock County, Indiana",1129,453,2142,1671,4151,5506,3829,5780,2410,1914,5.2
0500000US18063,"Hendricks County, Indiana",1293,1062,2431,4066,5985,11005,10110,13983,6671,4499,4.8
0500000US18067,"Howard County, Indiana",1920,1027,4178,3013,5334,7426,4316,4537,1725,675,11.9
0500000US18081,"Johnson County, Indiana",1543,1132,3445,4200,6919,11833,7338,11980,5205,3565,4.8
0500000US18085,"Kosciusko County, Indiana",1418,1182,2663,2761,3979,6167,4805,5156,1863,997,9.7
0500000US18089,"Lake County, Indiana",14359,7891,16176,20183,23701,36914,20657,30708,11463,8083,14.1
0500000US18091,"LaPorte County, Indiana",1753,2080,4352,5605,4825,8607,4631,7567,2205,1475,13.7
0500000US18095,"Madison County, Indiana",3046,2139,5890,4329,7764,11676,6755,7050,1470,1045,12.6
0500000US18097,"Marion County, Indiana",32142,16908,40315,39745,58455,68675,45146,44647,18203,15215,15
0500000US18105,"Monroe County, Indiana",5183,2849,6303,4174,6492,9179,6714,7372,2765,3022,22.3
0500000US18109,"Morgan County, Indiana",1348,789,1430,2388,3033,6153,3016,4533,1220,1953,8.2
0500000US18127,"Porter County, Indiana",2800,913,4596,5525,7651,11835,9508,13513,4642,4322,8.1
0500000US18141,"St. Joseph County, Indiana",8563,5080,10215,10395,14302,20674,12159,15081,4854,3927,15.7
0500000US18157,"Tippecanoe County, Indiana",6649,2838,9697,7105,11200,12828,7839,10015,2735,3010,16.8
0500000US18163,"Vanderburgh County, Indiana",4555,3396,8694,8452,11198,15031,9797,8561,2780,3058,14.7
0500000US18167,"Vigo County, Indiana",4093,2695,5827,3635,5546,7770,5034,4540,1444,1609,21.5
0500000US18177,"Wayne County, Indiana",1357,1669,3688,2701,4877,5884,3133,2922,789,541,15.2
0500000US19013,"Black Hawk County, Iowa",3474,1786,3878,4600,7535,10708,6850,7302,2678,3058,13.3
0500000US19049,"Dallas County, Iowa",395,815,1847,1359,3097,6434,5741,8568,3783,4839,3.7
0500000US19061,"Dubuque County, Iowa",2299,1708,2960,3025,5053,7525,5595,6399,1764,2017,11.4
0500000US19103,"Johnson County, Iowa",5445,1926,4433,6089,6439,9137,7463,9828,3891,6131,17.2
0500000US19113,"Linn County, Iowa",3913,3867,8271,8167,11839,18660,13293,15393,6015,4425,12.2
0500000US19153,"Polk County, Iowa",7980,6215,12868,18251,26219,38958,26502,33022,15616,12100,9.9
0500000US19155,"Pottawattamie County, Iowa",1949,1885,2949,4415,4595,7016,6147,5473,1445,1470,10.4
0500000US19163,"Scott County, Iowa",3602,2833,6277,4977,8656,12566,8308,11867,4012,5436,11.4
0500000US19169,"Story County, Iowa",3351,2205,2859,3075,5378,6784,4811,6171,2511,2023,17.5
0500000US19193,"Woodbury County, Iowa",2118,1433,3759,4222,5408,6637,6405,6873,1648,1230,12.4
0500000US20015,"Butler County, Kansas",1091,1214,1678,2314,3629,4702,3644,4450,1016,1266,7.5
0500000US20045,"Douglas County, Kansas",2906,1533,3748,4157,7099,8999,6825,7036,2524,3681,15.7
0500000US20091,"Johnson County, Kansas",4355,5292,10230,13192,17892,37940,38485,45558,25749,33267,5.3
0500000US20103,"Leavenworth County, Kansas",1676,1205,1334,1668,2673,4864,4385,6053,2457,1545,8.1
0500000US20161,"Riley County, Kansas",1789,1390,3716,2076,3544,5590,2510,3051,1078,918,23.4
0500000US20173,"Sedgwick County, Kansas",11462,9059,17186,18032,27049,39695,24438,32241,10957,9398,12.4
0500000US20177,"Shawnee County, Kansas",3882,1919,5910,7567,11460,15078,9722,10225,3638,3771,8.6
0500000US20209,"Wyandotte County, Kansas",5398,3746,6624,7555,9500,10997,7757,6534,2044,1093,21
0500000US21015,"Boone County, Kentucky",1544,1371,3101,3172,5363,9621,6293,10911,4252,3142,7.8
0500000US21029,"Bullitt County, Kentucky",1098,665,2467,2486,3020,7412,5407,5025,1653,1320,6
0500000US21037,"Campbell County, Kentucky",1479,2556,3041,3399,3943,6579,5587,6013,2777,2736,11.2
0500000US21047,"Christian County, Kentucky",3154,1518,2643,2509,3765,5268,3575,2154,822,801,19.9
0500000US21059,"Daviess County, Kentucky",3249,1789,4955,4407,5507,7034,6223,4742,1256,1638,16.8
0500000US21067,"Fayette County, Kentucky",8675,4884,13297,11734,16457,24929,16241,18741,8467,8504,15.6
0500000US21093,"Hardin County, Kentucky",2301,879,4163,3742,7490,9102,4889,7176,1349,1553,9.8
0500000US21111,"Jefferson County, Kentucky",20234,13048,29295,30652,41965,60427,41219,43080,18235,18019,14
0500000US21117,"Kenton County, Kentucky",3006,2734,4718,4780,9176,10525,8498,13072,5189,3664,11.2
0500000US21145,"McCracken County, Kentucky",1921,1806,3755,4192,3677,5373,2540,3378,738,983,15.7
0500000US21151,"Madison County, Kentucky",2984,1954,4734,3681,4074,5922,4141,3947,1625,1208,18.3
0500000US21185,"Oldham County, Kentucky",542,81,1500,507,1750,3242,2865,4413,2463,3398,5.1
0500000US21227,"Warren County, Kentucky",3262,2406,4653,5649,7454,10406,6203,6627,1830,1999,15.9
0500000US22005,"Ascension Parish, Louisiana",1691,1381,2652,3343,4243,5825,6494,8757,5604,4277,8.3
0500000US22015,"Bossier Parish, Louisiana",3019,3107,6354,4944,7468,8140,6628,5713,2119,2243,18.8
0500000US22017,"Caddo Parish, Louisiana",12394,6422,12080,8522,10226,14184,9371,10953,4104,4333,24.6
0500000US22019,"Calcasieu Parish, Louisiana",7978,3516,9364,7898,8742,11825,8524,10927,4444,4014,21
0500000US22033,"East Baton Rouge Parish, Louisiana",14030,9044,15707,15494,18341,27143,19366,20587,10337,11487,17.5
0500000US22045,"Iberia Parish, Louisiana",3161,653,3967,2025,3011,4966,3124,3981,765,532,21.8
0500000US22051,"Jefferson Parish, Louisiana",10739,8186,16953,19219,21845,32197,20563,25278,8751,8260,13.9
0500000US22055,"Lafayette Parish, Louisiana",8120,4105,10034,8162,10565,14286,12186,14084,6033,6915,17.6
0500000US22057,"Lafourche Parish, Louisiana",2976,1381,5132,3073,5344,5615,5764,4636,1654,1184,18.9
0500000US22063,"Livingston Parish, Louisiana",4620,1369,3820,3366,5337,8084,5734,10894,2249,1541,13.1
0500000US22071,"Orleans Parish, Louisiana",25104,8742,16709,13547,15534,22869,13098,16496,7969,11685,23.2
0500000US22073,"Ouachita Parish, Louisiana",8002,3877,6489,6846,7952,9660,5719,4594,2520,2176,25.2
0500000US22079,"Rapides Parish, Louisiana",3313,2557,6147,4414,7740,10590,4633,6225,2063,1293,17.9
0500000US22097,"St. Landry Parish, Louisiana",3713,2310,4409,2726,5441,3705,4085,2604,999,449,22
0500000US22103,"St. Tammany Parish, Louisiana",4644,4091,7334,7557,11309,16234,13944,15715,6493,7667,12.3
0500000US22105,"Tangipahoa Parish, Louisiana",3512,3919,5405,7004,3758,6207,7069,5259,2794,1599,22.9
0500000US22109,"Terrebonne Parish, Louisiana",4141,1135,5866,4258,5269,5516,4201,5361,2793,1633,20
0500000US23001,"Androscoggin County, Maine",1581,2062,3467,4422,7838,7576,7294,6895,3336,1453,8.8
0500000US23003,"Aroostook County, Maine",2652,2781,4619,4045,3811,5675,3426,1728,671,789,16.3
0500000US23005,"Cumberland County, Maine",5736,3151,8142,10264,12322,22053,16814,21848,11260,13335,7.6
0500000US23011,"Kennebec County, Maine",3428,2756,5181,4933,8425,9514,8033,7974,1923,2313,11.8
0500000US23019,"Penobscot County, Maine",2389,3848,8322,6596,10600,10880,7685,8451,2967,2358,12.1
0500000US23031,"York County, Maine",3157,2308,7381,7552,10925,16576,13188,15359,5230,4551,7.6
0500000US24001,"Allegany County, Maryland",2328,1529,2982,3169,3498,5225,3731,2663,975,449,15.6
0500000US24003,"Anne Arundel County, Maryland",4604,2882,8641,10386,14214,34349,30813,45730,28962,35619,5
0500000US24005,"Baltimore County, Maryland",16514,7222,19191,19887,32792,56800,42628,57943,27252,32237,8.9
0500000US24009,"Calvert County, Maryland",1522,597,850,1215,2346,3176,4139,8526,5066,5343,5.9
0500000US24013,"Carroll County, Maryland",1130,1026,3078,3548,4745,8052,7512,16136,7179,8211,4.6
0500000US24015,"Cecil County, Maryland",2276,1269,3299,3301,2882,5827,6530,6745,3896,2522,12.3
0500000US24017,"Charles County, Maryland",1733,766,1364,2206,4592,8213,7833,15130,7882,8013,5.5
0500000US24021,"Frederick County, Maryland",1710,1966,3170,4522,8368,12928,12180,23401,12582,12941,5.6
0500000US24025,"Harford County, Maryland",3277,2128,4346,4600,8432,14654,14072,21568,10880,12246,6.7
0500000US24027,"Howard County, Maryland",3923,1164,4798,4010,6621,11953,13490,23864,15810,30139,4.8
0500000US24031,"Montgomery County, Maryland",12617,7647,14826,19246,22897,44967,44491,68058,46161,87987,7.4
0500000US24033,"Prince George's County, Maryland",13272,6359,14644,18358,30032,53914,48299,66279,33850,31354,8.6
0500000US24037,"St. Mary's County, Maryland",1931,818,2824,1438,3509,6276,5640,7397,5715,4772,7.3
0500000US24043,"Washington County, Maryland",2872,2960,5676,5161,7114,9942,6683,9006,3814,2997,13
0500000US24045,"Wicomico County, Maryland",1948,1110,4250,4612,4644,7101,4794,6065,1607,1957,17.8
0500000US24510,"Baltimore city, Maryland",29784,13038,20774,25712,31699,36662,24419,32773,11308,16525,20.2
0500000US25001,"Barnstable County, Massachusetts",2978,2232,4792,5760,10222,16508,13381,20817,9511,10308,5.2
0500000US25003,"Berkshire County, Massachusetts",2365,2934,5576,4738,6403,10309,5921,7916,4429,3201,10.8
0500000US25005,"Bristol County, Massachusetts",13976,10372,20196,16904,23190,31096,26566,39132,20825,18271,11.4
0500000US25009,"Essex County, Massachusetts",12847,11419,21632,18406,26756,42078,40725,48911,30230,44894,8.7
0500000US25011,"Franklin County, Massachusetts",1013,1610,3620,2748,3592,6565,3330,4988,2142,1319,8.4
0500000US25013,"Hampden County, Massachusetts",12831,11733,17544,15762,19899,29856,20237,29737,11536,10835,13.7
0500000US25015,"Hampshire County, Massachusetts",3061,1685,5117,3751,6612,9873,8333,11425,5325,4820,11.2
0500000US25017,"Middlesex County, Massachusetts",24245,16692,28101,27525,44238,76494,69210,116216,79374,130271,6.9
0500000US25021,"Norfolk County, Massachusetts",11115,7332,14524,11007,20144,30670,30238,55278,34699,54710,5.7
0500000US25023,"Plymouth County, Massachusetts",7113,7164,10312,11705,14504,28488,24724,37982,21164,27885,7.2
0500000US25025,"Suffolk County, Massachusetts",29117,16647,20062,18205,24943,41267,32571,47147,33667,46319,16.8
0500000US25027,"Worcester County, Massachusetts",15026,12997,20449,23265,31583,47841,40544,58086,32814,33557,9.4
0500000US26005,"Allegan County, Michigan",1806,1314,3665,4016,5473,8744,7060,8364,1694,1531,12
0500000US26017,"Bay County, Michigan",3261,1648,4084,5611,8077,7149,5973,5436,2210,1438,13.9
0500000US26021,"Berrien County, Michigan",4409,2082,7534,6526,10261,9534,6216,8748,3564,2935,16.2
0500000US26025,"Calhoun County, Michigan",3068,2461,5730,7280,8768,8889,6652,6929,2014,2036,13.4
0500000US26037,"Clinton County, Michigan",1632,439,1890,2839,3723,5528,3567,5224,2948,2280,8.5
0500000US26045,"Eaton County, Michigan",1164,1255,3030,3870,6188,9865,6511,7873,2784,1880,6.6
0500000US26049,"Genesee County, Michigan",14576,8336,16658,18497,25909,32307,20352,19687,7187,5738,16.5
0500000US26055,"Grand Traverse County, Michigan",1087,520,3634,3512,5266,7342,6307,5299,1866,2575,6.1
0500000US26065,"Ingham County, Michigan",8313,5269,11866,12138,15742,20670,13298,15773,5927,5538,17.7
0500000US26073,"Isabella County, Michigan",2848,1526,2984,2946,3064,4271,2898,2397,998,758,25.4
0500000US26075,"Jackson County, Michigan",4375,3340,5436,6157,8973,10251,10182,7366,3178,2145,14
0500000US26077,"Kalamazoo County, Michigan",8160,3878,7210,11462,14275,18983,15016,11642,6623,5947,13.4
0500000US26081,"Kent County, Michigan",10586,8348,19565,19866,32222,47278,35823,41861,14941,14947,11.3
0500000US26087,"Lapeer County, Michigan",1828,1014,2692,2004,5019,6525,5423,5378,2638,1381,10.9
0500000US26091,"Lenawee County, Michigan",2516,1022,3231,4913,6231,7849,4582,5230,1481,1444,12.8
0500000US26093,"Livingston County, Michigan",1426,1264,4492,4431,7200,12749,10614,16074,7582,7670,3.9
0500000US26099,"Macomb County, Michigan",15351,12031,27896,34579,42986,68185,50723,60993,23033,15889,8.4
0500000US26103,"Marquette County, Michigan",1131,1164,2585,2473,4869,6484,4088,3459,820,908,11.4
0500000US26111,"Midland County, Michigan",1847,1323,2304,2535,4568,6018,5414,5126,2696,2519,9.3
0500000US26115,"Monroe County, Michigan",3100,2188,5784,6040,6540,11581,7934,11096,3793,2819,10.8
0500000US26121,"Muskegon County, Michigan",3614,3498,7808,7807,10049,13015,9343,7321,1907,1786,12.9
0500000US26125,"Oakland County, Michigan",19224,16334,31888,35918,49505,80978,69961,90945,49266,64445,7.7
0500000US26139,"Ottawa County, Michigan",3395,2042,8487,7045,13693,21677,15654,18641,8587,5783,8.3
0500000US26145,"Saginaw County, Michigan",5457,3528,9285,10103,12708,14219,8597,9145,3378,2630,19
0500000US26147,"St. Clair County, Michigan",3122,2853,4950,7463,8167,11631,8268,10637,4163,2552,10
0500000US26155,"Shiawassee County, Michigan",1283,1325,2492,2628,4059,5073,4193,3827,1483,467,10.7
0500000US26159,"Van Buren County, Michigan",1510,927,2952,4082,3889,5697,5781,4055,1250,831,12.6
0500000US26161,"Washtenaw County, Michigan",8031,5499,7933,10304,13092,24674,18709,23603,12209,17626,13.4
0500000US26163,"Wayne County, Michigan",68604,35106,71233,72336,91464,125790,75166,83834,33729,32008,19.6
0500000US27003,"Anoka County, Minnesota",3073,2441,7061,7211,13425,23498,22548,28725,13151,10725,6.1
0500000US27013,"Blue Earth County, Minnesota",1853,914,2281,1819,3925,4805,4419,4326,1385,734,17.6
0500000US27019,"Carver County, Minnesota",839,869,1631,1996,3133,5249,5038,8337,4812,6956,4.7
0500000US27035,"Crow Wing County, Minnesota",1602,1004,2570,2652,3469,6362,3969,4126,1203,1055,10.9
0500000US27037,"Dakota County, Minnesota",5719,3042,7593,9727,16748,25556,22108,36439,17309,18654,6.6
0500000US27053,"Hennepin County, Minnesota",22503,18505,28656,33777,50477,79630,74385,89990,51510,67658,9.6
0500000US27109,"Olmsted County, Minnesota",1531,1617,3749,4953,7618,11617,8194,12879,6377,7100,6.3
0500000US27123,"Ramsey County, Minnesota",11081,7315,14264,15702,26731,36571,26635,37577,15730,14518,12.3
0500000US27131,"Rice County, Minnesota",961,1083,1392,1383,2754,4002,4111,4097,1527,1551,7.1
0500000US27137,"St. Louis County, Minnesota",5980,4133,8194,6438,10814,17538,10987,14874,3958,3532,12.8
0500000US27139,"Scott County, Minnesota",625,1102,1431,2575,5005,6873,5746,11994,7156,8967,3.7
0500000US27141,"Sherburne County, Minnesota",797,514,1476,1439,2527,5952,4353,9413,2898,3317,5.5
0500000US27145,"Stearns County, Minnesota",2169,2464,4437,5781,6867,12342,9263,9317,4607,2529,12
0500000US27163,"Washington County, Minnesota",2964,1748,4276,4237,7320,14102,13500,22580,12180,14152,4.7
0500000US27171,"Wright County, Minnesota",1439,1264,1719,1861,4878,8451,7321,12814,6186,3510,5.3
0500000US28033,"DeSoto County, Mississippi",1652,1829,5424,5598,8569,13193,10405,10831,5085,2634,9.6
0500000US28035,"Forrest County, Mississippi",2595,2386,3117,4300,4339,5182,1777,2047,784,813,24.7
0500000US28047,"Harrison County, Mississippi",6245,3441,9989,8304,9234,14109,7956,10202,2838,2310,16.9
0500000US28049,"Hinds County, Mississippi",8060,5017,12144,8793,13686,18162,8627,8456,3072,2454,18.9
0500000US28059,"Jackson County, Mississippi",2091,2601,5632,7628,8502,9546,7969,7511,2513,2330,15
0500000US28067,"Jones County, Mississippi",2542,1333,4741,2547,2857,4688,1552,2453,771,694,27.7
0500000US28075,"Lauderdale County, Mississippi",3596,2328,4682,3591,3306,4610,2758,3168,431,897,20.9
0500000US28081,"Lee County, Mississippi",1877,1598,3466,3408,4915,5142,3821,3041,1319,1791,14.2
0500000US28089,"Madison County, Mississippi",1557,619,3787,3784,5613,6069,4763,6283,4369,3202,8.7
0500000US28121,"Rankin County, Mississippi",1899,1835,5177,4739,5888,12784,8315,9678,3828,2868,11.6
0500000US29019,"Boone County, Missouri",5958,2555,6755,6172,9674,11836,9975,9579,3574,4643,19.6
0500000US29021,"Buchanan County, Missouri",2601,1982,5108,3817,4124,6359,4006,4072,850,1065,16.5
0500000US29031,"Cape Girardeau County, Missouri",1522,1960,3154,3259,3867,6160,4729,4218,1122,1344,16.2
0500000US29037,"Cass County, Missouri",605,2281,3575,2205,4577,7371,6616,7903,3086,2325,8.3
0500000US29043,"Christian County, Missouri",1455,2130,2697,3344,3914,6068,5066,4973,1879,1701,12.4
0500000US29047,"Clay County, Missouri",3009,2044,6531,7587,13576,17279,12988,18907,6961,4184,10.5
0500000US29051,"Cole County, Missouri",2292,1295,2443,2015,3957,7275,4579,5548,886,1147,11.2
0500000US29071,"Franklin County, Missouri",1423,1771,2817,4337,6824,7753,7908,6128,1903,1297,8.9
0500000US29077,"Greene County, Missouri",12378,5162,19060,16578,20148,25226,13999,13737,4461,3151,14.5
0500000US29095,"Jackson County, Missouri",21282,11511,29891,25778,38007,54603,37550,43888,16777,13284,13.5
0500000US29097,"Jasper County, Missouri",3558,3335,4983,5973,6581,9567,4438,4094,1367,1123,20.6
0500000US29099,"Jefferson County, Missouri",2811,1815,6894,8162,10427,15998,14477,14189,6274,2794,7.8
0500000US29165,"Platte County, Missouri",851,1060,1911,3677,5226,5982,5287,8323,4025,3990,4.5
0500000US29183,"St. Charles County, Missouri",3103,2632,6862,7225,16758,24151,24297,34959,14736,15945,4.2
0500000US29187,"St. Francois County, Missouri",1580,1759,2945,2855,4340,4349,3088,2106,539,460,16.5
0500000US29189,"St. Louis County, Missouri",20671,11599,31457,32003,48971,72629,51671,66287,31886,43668,9
0500000US29510,"St. Louis city, Missouri",17102,11444,13891,15168,18970,27609,15702,14298,6900,5695,19.1
0500000US30013,"Cascade County, Montana",2198,1983,4096,2699,4917,6643,4592,3872,882,934,15.4
0500000US30029,"Flathead County, Montana",1285,1832,2500,3986,6898,8405,6072,5604,2944,1155,7.8
0500000US30031,"Gallatin County, Montana",1924,1713,3359,3845,4422,8063,7407,9811,3161,3285,11.9
0500000US30049,"Lewis and Clark County, Montana",1041,1201,3278,2047,3588,4050,3933,4908,1639,1720,8.3
0500000US30063,"Missoula County, Montana",2390,2848,4575,3794,8120,10316,6983,6299,2884,2644,11.5
0500000US30111,"Yellowstone County, Montana",2903,2379,8691,5227,8991,13895,8264,10176,5044,4419,11.9
0500000US31055,"Douglas County, Nebraska",11916,7259,17086,17794,26524,42414,31984,37345,15113,15384,10.2
0500000US31109,"Lancaster County, Nebraska",6597,4376,10053,12322,17540,26739,15890,18607,7872,8389,10.9
0500000US31153,"Sarpy County, Nebraska",1600,1936,4033,3346,6859,11240,12194,15697,6511,5531,6.6
0500000US32003,"Clark County, Nevada",53536,31025,62927,67764,107664,154660,110244,124083,48932,52772,12.8
0500000US32031,"Washoe County, Nevada",7990,6989,15591,12930,21088,33915,28302,35906,13434,14946,10.5
0500000US33005,"Cheshire County, New Hampshire",1444,804,2122,2319,4633,5406,4743,5553,1063,1611,9.8
0500000US33009,"Grafton County, New Hampshire",2140,2062,2763,3241,4963,6232,4057,5353,1426,3543,8.6
0500000US33011,"Hillsborough County, New Hampshire",5551,4984,8366,10835,16232,26643,20532,34103,17601,17741,7.3
0500000US33013,"Merrimack County, New Hampshire",1792,2778,3929,4557,6825,9664,9680,10829,5513,4450,5.4
0500000US33015,"Rockingham County, New Hampshire",3927,1736,6901,5562,12162,19982,16829,24218,14894,18001,4.9
0500000US33017,"Strafford County, New Hampshire",2096,1459,3202,3936,4856,10522,6514,9825,4741,3433,8.3
0500000US34001,"Atlantic County, New Jersey",6583,3796,9079,8371,13289,17161,12211,16475,7679,7331,11.1
0500000US34003,"Bergen County, New Jersey",11805,6498,15379,15668,27777,41296,39304,67147,43778,75081,5.6
0500000US34005,"Burlington County, New Jersey",4229,2572,9487,9495,15742,28879,25099,33514,19188,21869,5.5
0500000US34007,"Camden County, New Jersey",11735,6336,14050,14338,18389,30925,22216,34915,15847,19029,10.7
0500000US34009,"Cape May County, New Jersey",1723,1366,2774,3513,5390,6614,4972,6794,3492,4301,8.8
0500000US34011,"Cumberland County, New Jersey",3855,2497,4814,4743,5468,11259,5546,8643,2331,2204,13.2
0500000US34013,"Essex County, New Jersey",24973,12736,23212,24678,30393,48507,31438,39919,21712,38408,13.9
0500000US34015,"Gloucester County, New Jersey",4051,2784,6972,7603,8509,15653,14982,21142,12468,12541,7.7
0500000US34017,"Hudson County, New Jersey",16423,12483,19495,16537,25020,38658,32182,44631,23534,37701,13.9
0500000US34019,"Hunterdon County, New Jersey",879,652,1684,2956,2753,6364,5179,9458,6388,11588,3.6
0500000US34021,"Mercer County, New Jersey",10689,4735,7839,8717,10175,19976,14936,22480,11792,19512,12.8
0500000US34023,"Middlesex County, New Jersey",11889,6841,15734,14888,25816,39163,36474,56848,34664,43589,8.8
0500000US34025,"Monmouth County, New Jersey",10592,5786,11430,15065,16133,29370,27375,46900,28041,49685,6
0500000US34027,"Morris County, New Jersey",4708,2956,8762,8149,13062,22762,19552,34713,23937,46284,5.5
0500000US34029,"Ocean County, New Jersey",7064,5349,18175,17431,23050,40832,31304,44706,19888,18926,9
0500000US34031,"Passaic County, New Jersey",8235,6824,12118,12697,15031,26688,22244,30310,16300,17612,13.4
0500000US34033,"Salem County, New Jersey",696,1564,2420,1506,3006,4686,2688,3600,2435,1803,12.4
0500000US34035,"Somerset County, New Jersey",3226,2229,3674,5145,8720,16425,15545,21517,15330,30795,5.7
0500000US34037,"Sussex County, New Jersey",1546,593,2283,2413,3442,8599,7628,11971,7210,8414,4.7
0500000US34039,"Union County, New Jersey",7855,4992,13181,12671,20730,32645,23118,30426,18403,28827,9.1
0500000US34041,"Warren County, New Jersey",1618,1534,2064,2733,4304,6549,7074,7722,4572,4227,6.8
0500000US35001,"Bernalillo County, New Mexico",21410,13931,25213,25893,34284,49257,33929,36456,15602,15332,16.2
0500000US35005,"Chaves County, New Mexico",2253,1916,3357,2607,4143,3857,2386,2453,1256,443,18
0500000US35013,"Do√±a Ana County, New Mexico",9172,5548,11174,8036,9609,14587,8672,7823,2672,1801,25.9
0500000US35025,"Lea County, New Mexico",2609,505,1886,2036,2360,4080,5261,3618,1343,780,16.4
0500000US35031,"McKinley County, New Mexico",3463,1459,2408,2615,3388,3492,2352,1650,612,280,32.4
0500000US35035,"Otero County, New Mexico",1589,1040,4349,4237,3488,4319,2371,1558,773,409,23.7
0500000US35043,"Sandoval County, New Mexico",1884,1519,3194,3344,7545,10048,9150,9637,2850,4080,9.4
0500000US35045,"San Juan County, New Mexico",3701,2109,5400,5849,6603,8883,3732,4175,1176,933,21.2
0500000US35049,"Santa Fe County, New Mexico",4190,2460,4960,6450,7782,10988,8039,8221,3954,5138,13
0500000US35061,"Valencia County, New Mexico",1975,1579,2568,2188,1573,5505,3722,2888,1556,1275,19.5
0500000US36001,"Albany County, New York",6554,6514,8423,11016,14138,20606,16084,24484,11120,9345,11.9
0500000US36005,"Bronx County, New York",75619,43661,60886,46775,63007,86831,49307,51320,19726,16758,26.4
0500000US36007,"Broome County, New York",6404,4463,9256,7488,10855,14087,10532,9708,3388,3128,18.8
0500000US36009,"Cattaraugus County, New York",2085,2572,3845,3204,4445,6520,4905,3194,1311,975,14.5
0500000US36011,"Cayuga County, New York",1852,1102,2910,2456,4801,6187,4474,4341,2320,1046,14.6
0500000US36013,"Chautauqua County, New York",4908,3573,7667,4511,6849,8998,6559,8345,2518,1417,16.4
0500000US36015,"Chemung County, New York",2933,1273,2669,2738,4217,6851,4754,5255,1835,965,13.9
0500000US36019,"Clinton County, New York",2948,1048,2338,2785,3617,6871,4620,4130,2161,904,16.5
0500000US36027,"Dutchess County, New York",5221,3715,8246,7471,8914,16648,12419,22259,11650,13986,8.3
0500000US36029,"Erie County, New York",26321,17946,37535,37769,47660,72592,51256,56955,27669,22623,13.3
0500000US36045,"Jefferson County, New York",2740,1886,3681,4313,6052,8360,6117,5561,1336,1168,15.5
0500000US36047,"Kings County, New York",77053,54891,84707,74789,97196,142753,110588,144446,80364,111304,17.7
0500000US36051,"Livingston County, New York",1725,839,2288,2054,3044,4814,3007,3152,1369,1117,15.2
0500000US36053,"Madison County, New York",1194,595,3067,1585,3847,4309,3793,4585,1084,1927,8.2
0500000US36055,"Monroe County, New York",17368,13092,28750,27849,36905,52686,39965,48249,21432,18988,12.7
0500000US36059,"Nassau County, New York",13366,7705,22917,17520,29022,51874,47386,83305,64290,112413,5.4
0500000US36061,"New York County, New York",70589,34008,47553,40180,49280,81461,74802,107512,70185,192633,14
0500000US36063,"Niagara County, New York",7197,4407,8509,8505,12205,15122,11945,13873,5264,3598,12.5
0500000US36065,"Oneida County, New York",4248,5133,9702,7382,12536,16672,11673,12938,6102,3887,14.4
0500000US36067,"Onondaga County, New York",14820,7904,15359,13384,24055,32096,24076,27874,11114,12536,14.1
0500000US36069,"Ontario County, New York",2228,1569,2897,3779,4783,10029,6218,7381,3523,3618,7.7
0500000US36071,"Orange County, New York",6619,5317,9927,5847,12357,17949,18447,26460,13466,15032,12.5
0500000US36075,"Oswego County, New York",1893,2760,5177,3924,5949,8552,6846,7922,2033,1584,16.3
0500000US36079,"Putnam County, New York",763,388,1145,1855,2374,3620,5595,8477,4339,5914,4.1
0500000US36081,"Queens County, New York",44031,29207,51679,62055,82356,127845,101044,139360,74174,72801,10.8
0500000US36083,"Rensselaer County, New York",3644,2154,4543,5809,7423,10875,9466,12095,6415,3366,12
0500000US36085,"Richmond County, New York",6432,5540,9822,9351,17346,24378,16794,34952,18741,22941,8.3
0500000US36087,"Rockland County, New York",3534,3037,5985,4692,8753,12911,11118,21241,11012,19141,12.7
0500000US36089,"St. Lawrence County, New York",3657,2938,4571,4566,5124,6570,5242,6461,2357,1346,19.9
0500000US36091,"Saratoga County, New York",1834,3103,4797,6193,10050,14542,11709,19678,12215,9426,5.4
0500000US36093,"Schenectady County, New York",2724,2758,4588,5830,7108,11678,7083,12141,4494,4130,12.4
0500000US36101,"Steuben County, New York",2447,2001,4956,4135,4907,6940,4597,6678,1253,1369,15.8
0500000US36103,"Suffolk County, New York",14721,9541,22297,23620,37560,65714,59849,105658,66478,94306,6.5
0500000US36105,"Sullivan County, New York",2464,1731,2204,2569,3266,5161,3899,4418,2001,1247,16
0500000US36109,"Tompkins County, New York",4057,1375,3426,3574,5219,7240,3742,5460,2348,3881,17.9
0500000US36111,"Ulster County, New York",4025,3218,6599,5429,8095,10882,9004,11442,5893,4789,11.9
0500000US36113,"Warren County, New York",1527,1450,2157,2863,3817,5389,3423,4572,2199,2196,9.7
0500000US36117,"Wayne County, New York",2583,1791,2679,4054,4103,6464,5315,5962,1796,1887,12.6
0500000US36119,"Westchester County, New York",19309,11531,16063,18248,28818,39982,38545,59753,33939,88948,8.2
0500000US37001,"Alamance County, North Carolina",3899,4272,5219,6995,7743,13592,9383,7743,2827,2643,15.3
0500000US37019,"Brunswick County, North Carolina",2827,2706,3335,5614,7672,11555,8541,9722,3266,3147,9.4
0500000US37021,"Buncombe County, North Carolina",4290,5408,12928,11236,14074,20421,13481,13456,5750,5697,12.2
0500000US37023,"Burke County, North Carolina",2264,1795,4822,4360,5830,8105,3601,4006,969,882,21
0500000US37025,"Cabarrus County, North Carolina",2903,2340,4532,4441,8665,12708,9753,11442,5232,6782,7.3
0500000US37027,"Caldwell County, North Carolina",1317,1761,4012,4917,4927,5813,4926,3454,992,394,10
0500000US37031,"Carteret County, North Carolina",1947,975,2454,3054,4112,5141,3576,4364,2009,1330,8.9
0500000US37035,"Catawba County, North Carolina",6092,2234,5679,6208,9711,12112,7525,7751,2053,3052,14.9
0500000US37037,"Chatham County, North Carolina",642,1370,3882,1972,4070,5070,3529,4633,2205,3301,8.4
0500000US37045,"Cleveland County, North Carolina",2949,1896,3858,3354,4558,5767,3542,2828,1051,796,21.3
0500000US37049,"Craven County, North Carolina",2118,1454,4713,6814,5395,6324,5147,6775,1679,1802,13.8
0500000US37051,"Cumberland County, North Carolina",11498,6524,13783,14972,22977,22579,14375,14468,4037,2922,18.1
0500000US37057,"Davidson County, North Carolina",5293,3128,7167,9388,8178,14167,9370,8326,2752,2169,17.5
0500000US37063,"Durham County, North Carolina",7680,4828,8546,12164,17398,22401,18883,19726,9246,10268,14.1
0500000US37067,"Forsyth County, North Carolina",11426,6496,17719,16207,19335,25754,18568,17667,7209,7770,15.5
0500000US37069,"Franklin County, North Carolina",1023,988,2088,1736,5118,5689,3909,3769,1793,607,8.8
0500000US37071,"Gaston County, North Carolina",4448,4816,9032,8292,11890,16047,10868,13044,4216,3052,11
0500000US37081,"Guilford County, North Carolina",15275,9608,19963,20187,30618,35090,25559,28778,10895,10977,16.4
0500000US37085,"Harnett County, North Carolina",2907,2579,5722,4914,4979,9158,7003,6433,1655,1066,16.9
0500000US37089,"Henderson County, North Carolina",1448,2530,5408,4854,6488,10539,7920,6990,2472,2466,10.5
0500000US37097,"Iredell County, North Carolina",2101,2288,5721,6511,7452,12960,10292,10741,4521,5558,7.4
0500000US37101,"Johnston County, North Carolina",5198,2735,6155,5888,10667,11558,9585,13508,3727,4546,13.6
0500000US37109,"Lincoln County, North Carolina",1667,1655,1695,4027,3816,6118,4524,4382,4160,2374,7.4
0500000US37119,"Mecklenburg County, North Carolina",18975,14567,27701,34772,54972,78985,55820,64767,29333,46421,10.2
0500000US37125,"Moore County, North Carolina",2159,1388,4455,3623,4482,8436,5982,6031,2656,2318,11.8
0500000US37127,"Nash County, North Carolina",2932,2238,4317,3803,5076,8085,3954,5118,1239,812,16.9
0500000US37129,"New Hanover County, North Carolina",7092,4335,10132,7937,15396,16563,10515,14798,6096,7325,13
0500000US37133,"Onslow County, North Carolina",5343,1191,7278,6410,11951,12659,7342,6963,3216,1251,11.1
0500000US37135,"Orange County, North Carolina",4784,1735,2823,4121,6744,7621,5980,8305,5386,7760,14.1
0500000US37147,"Pitt County, North Carolina",6017,3844,7616,6043,9223,14967,7885,9396,2803,3132,19.6
0500000US37151,"Randolph County, North Carolina",3676,3126,6847,5421,9159,12292,7626,5633,1816,521,14.7
0500000US37155,"Robeson County, North Carolina",7565,4436,6056,5056,7467,6697,4113,3378,1046,458,31.9
0500000US37157,"Rockingham County, North Carolina",3000,3913,5151,4054,5595,7362,4627,3276,798,686,20.4
0500000US37159,"Rowan County, North Carolina",2419,3028,7516,5398,8029,11877,7096,6278,2027,1573,13.7
0500000US37161,"Rutherford County, North Carolina",1201,2237,3770,3593,4902,5122,2920,2559,586,1080,20.3
0500000US37171,"Surry County, North Carolina",2774,1631,4489,2209,3264,5023,3885,3977,429,727,16.6
0500000US37179,"Union County, North Carolina",2542,1672,4658,4825,7562,12985,10350,14639,7386,11335,7
0500000US37183,"Wake County, North Carolina",15302,8730,25086,30189,43011,65531,55028,79925,47055,49504,8
0500000US37191,"Wayne County, North Carolina",4183,2851,4319,6409,9543,8380,6725,3963,1257,852,19.4
0500000US37193,"Wilkes County, North Carolina",2226,1152,4839,3010,4363,4636,3206,3622,979,343,14.8
0500000US37195,"Wilson County, North Carolina",4371,3026,4192,3141,4227,4228,2820,4066,1455,858,23.7
0500000US38015,"Burleigh County, North Dakota",1526,1833,2500,2561,4486,6972,4831,8156,2505,3068,6.1
0500000US38017,"Cass County, North Dakota",4884,3953,5876,7296,9331,14788,10407,11697,4803,5701,12.6
0500000US38035,"Grand Forks County, North Dakota",2232,1409,3712,4200,2331,6467,4029,4475,1237,1414,15.7
0500000US38101,"Ward County, North Dakota",998,1032,1780,2426,4324,4498,5227,5885,1446,1292,8.7
0500000US39003,"Allen County, Ohio",2185,1479,3544,4307,5974,8702,7057,5139,1001,1072,12
0500000US39007,"Ashtabula County, Ohio",2981,2041,5320,5642,4827,8129,4401,3935,1346,868,21.6
0500000US39009,"Athens County, Ohio",2422,1755,2343,3005,2684,3745,2262,2903,1037,503,27.4
0500000US39013,"Belmont County, Ohio",1610,1389,2291,3078,4504,5346,2313,3098,942,1080,10.2
0500000US39017,"Butler County, Ohio",8832,4518,10463,10425,15550,25218,21041,21967,12633,9494,12
0500000US39023,"Clark County, Ohio",4194,2356,5511,7099,7967,10153,6762,6676,2457,1231,14.6
0500000US39025,"Clermont County, Ohio",3153,2738,6795,5161,10579,14548,9411,14818,6674,6164,7.9
0500000US39029,"Columbiana County, Ohio",2969,2220,3949,4266,5011,8860,5928,5745,1017,595,12.4
0500000US39035,"Cuyahoga County, Ohio",46704,31517,56970,54341,70912,99804,64072,69025,26494,29632,16.1
0500000US39041,"Delaware County, Ohio",1579,813,4185,3938,5670,8389,8620,16234,9465,14397,6.1
0500000US39043,"Erie County, Ohio",2066,890,2277,2628,4491,5823,4871,4994,1439,829,11.9
0500000US39045,"Fairfield County, Ohio",1652,1786,4716,5559,6011,11365,8146,11316,4327,4153,8.1
0500000US39049,"Franklin County, Ohio",27991,17396,46817,42969,63347,101684,66159,83750,37178,35092,13.4
0500000US39055,"Geauga County, Ohio",872,808,1998,3568,3693,6199,4713,6682,3241,3665,4.9
0500000US39057,"Greene County, Ohio",2734,1825,5452,6359,8805,10805,9085,10349,5653,5087,10.3
0500000US39061,"Hamilton County, Ohio",26628,14485,34498,30565,37323,58383,38753,53739,23814,29047,14.5
0500000US39063,"Hancock County, Ohio",1439,935,3316,2953,4916,5748,4574,4462,2246,1901,10
0500000US39081,"Jefferson County, Ohio",2650,1654,3038,2165,4831,4794,3234,3609,1075,465,17.2
0500000US39085,"Lake County, Ohio",2671,3916,8086,8093,13532,19689,15021,15940,5972,4047,8.6
0500000US39089,"Licking County, Ohio",3104,2731,5255,6269,6908,12950,8719,11738,4352,4578,9.3
0500000US39093,"Lorain County, Ohio",7899,6810,10966,11383,14849,21328,16127,17846,6450,6641,14.3
0500000US39095,"Lucas County, Ohio",18887,8422,20097,21050,23588,30663,20368,22658,9374,6998,18.2
0500000US39099,"Mahoning County, Ohio",8327,6612,11485,12206,13819,16598,12764,11892,3114,3240,18.4
0500000US39101,"Marion County, Ohio",1744,1688,1974,2906,4040,4921,3018,2684,892,1146,14.8
0500000US39103,"Medina County, Ohio",2275,1399,4007,5371,8830,12600,9475,14642,6218,5633,4.9
0500000US39109,"Miami County, Ohio",1656,1545,4348,3582,5272,7704,5752,7607,2061,1746,9.4
0500000US39113,"Montgomery County, Ohio",16276,9065,24397,24198,29471,41864,30937,30847,9151,8625,15.5
0500000US39119,"Muskingum County, Ohio",2372,1676,3449,4536,4219,6399,4731,3784,1423,753,15.9
0500000US39133,"Portage County, Ohio",3702,2448,6109,5269,9459,11469,7545,9552,3021,2444,12.5
0500000US39139,"Richland County, Ohio",3084,1800,6526,4965,7442,10867,7594,5437,1282,815,13.1
0500000US39141,"Ross County, Ohio",2236,1673,2706,3929,2524,5036,4786,3594,955,926,15.2
0500000US39145,"Scioto County, Ohio",2905,2594,3095,2373,4538,4213,4661,3131,1133,676,23.1
0500000US39151,"Stark County, Ohio",9347,7087,16262,15745,21994,30701,19119,21781,6404,5840,13.2
0500000US39153,"Summit County, Ohio",15176,9495,21063,24798,29635,41154,27500,28506,13275,14027,14.3
0500000US39155,"Trumbull County, Ohio",6624,5471,8936,9697,13655,18277,8522,7978,2319,2680,15.7
0500000US39157,"Tuscarawas County, Ohio",2200,1497,3768,4324,5065,8250,5306,4739,715,924,11.7
0500000US39165,"Warren County, Ohio",1858,1411,3576,3173,8790,15393,12169,16058,9658,12374,4
0500000US39169,"Wayne County, Ohio",2059,2405,3208,5283,6052,9601,5965,6550,1907,1559,9.8
0500000US39173,"Wood County, Ohio",2722,1765,4519,4593,5972,10215,7597,6380,4352,3238,11.7
0500000US40017,"Canadian County, Oklahoma",1652,869,2468,4426,5395,8565,8645,8588,3004,2393,8.7
0500000US40027,"Cleveland County, Oklahoma",7110,3326,8475,8757,12945,20982,14723,20474,6741,5140,11.9
0500000US40031,"Comanche County, Oklahoma",2622,2355,4327,4546,6486,7911,5103,6352,1300,841,17.4
0500000US40037,"Creek County, Oklahoma",1484,1477,2669,2881,3535,5275,3863,3031,1310,1036,13.4
0500000US40101,"Muskogee County, Oklahoma",2351,2002,2937,4052,3630,4743,2388,3229,777,733,24
0500000US40109,"Oklahoma County, Oklahoma",20872,14123,28928,27197,42864,57082,37229,39624,17745,19829,14.9
0500000US40119,"Payne County, Oklahoma",4422,1595,4429,3226,5209,4521,3823,2682,793,1088,26
0500000US40125,"Pottawatomie County, Oklahoma",1730,1621,3178,1847,3243,5733,3241,3305,1125,632,14.1
0500000US40131,"Rogers County, Oklahoma",1299,1265,2596,2569,4431,8163,5332,5823,2244,1809,11.5
0500000US40143,"Tulsa County, Oklahoma",16839,10289,24139,25890,34000,46614,30848,34250,14682,17801,14.3
0500000US40145,"Wagoner County, Oklahoma",917,1188,2674,2438,3728,6108,4388,4897,2054,1445,7.3
0500000US41003,"Benton County, Oregon",3281,1625,2084,3207,3152,6418,4738,6551,3990,2332,17.9
0500000US41005,"Clackamas County, Oregon",6771,3820,8260,11272,17441,28604,21274,30255,15715,17883,7
0500000US41017,"Deschutes County, Oregon",5217,1865,3765,6538,9327,12658,11724,13546,6068,5820,9.7
0500000US41019,"Douglas County, Oregon",2382,1450,4581,6579,8859,9240,5660,4556,1846,1033,10.3
0500000US41029,"Jackson County, Oregon",5859,4214,8273,9036,12674,14980,12510,11707,4283,4264,13.9
0500000US41033,"Josephine County, Oregon",1760,1202,5375,3686,6314,6973,3689,4221,1077,909,15.7
0500000US41035,"Klamath County, Oregon",1995,2018,3170,2666,3454,6632,3473,3819,1433,697,16.4
0500000US41039,"Lane County, Oregon",9653,7924,15862,15563,21111,27132,20580,22952,7900,7019,14
0500000US41043,"Linn County, Oregon",1750,1842,4906,4903,6971,8663,7962,8453,2613,1344,13.3
0500000US41047,"Marion County, Oregon",5126,5243,9153,10805,16267,25051,17080,19351,8537,4448,11.8
0500000US41051,"Multnomah County, Oregon",19829,11746,21936,22037,38508,58581,42029,60656,28850,33731,12.2
0500000US41053,"Polk County, Oregon",1530,1215,1973,2211,3496,5323,3995,7562,2380,1539,7.3
0500000US41059,"Umatilla County, Oregon",931,1258,3056,2532,3899,4917,3740,4279,1433,1493,14.5
0500000US41067,"Washington County, Oregon",9756,5274,10012,13556,19487,39108,32891,41462,25760,25571,8.4
0500000US41071,"Yamhill County, Oregon",2039,1298,2208,2042,4229,7416,5559,6817,2971,1744,11.4
0500000US42001,"Adams County, Pennsylvania",1001,1239,3615,3150,5122,6981,6742,6262,2596,1995,7.2
0500000US42003,"Allegheny County, Pennsylvania",35633,20212,46430,47406,65659,96813,70530,89010,38501,43664,10.8
0500000US42005,"Armstrong County, Pennsylvania",902,1665,3543,2384,4460,6566,3965,3664,1211,735,9.7
0500000US42007,"Beaver County, Pennsylvania",3711,3374,6991,6176,10122,12413,9709,10777,4787,2685,12
0500000US42011,"Berks County, Pennsylvania",7807,4745,11996,11771,21209,27952,21052,29890,10202,8072,10.1
0500000US42013,"Blair County, Pennsylvania",3412,2507,5257,6153,8358,9162,6612,6914,2654,1468,15.6
0500000US42017,"Bucks County, Pennsylvania",7111,4468,16891,13029,20909,33795,31065,48721,28945,35557,5.5
0500000US42019,"Butler County, Pennsylvania",4803,2569,5392,5904,8592,12764,10069,14504,5730,7593,7.5
0500000US42021,"Cambria County, Pennsylvania",4502,4008,6104,6114,7919,10305,7797,6563,1857,1321,15.3
0500000US42025,"Carbon County, Pennsylvania",984,933,2169,2675,3787,5112,4349,4534,1440,1124,8.2
0500000US42027,"Centre County, Pennsylvania",3992,2209,5937,5190,6470,11419,7298,8628,3817,4003,16.3
0500000US42029,"Chester County, Pennsylvania",6259,3836,8721,9365,14909,29089,22720,34562,23176,40597,5.8
0500000US42033,"Clearfield County, Pennsylvania",1755,1995,3538,3976,5936,6313,4157,3441,652,227,13.2
0500000US42037,"Columbia County, Pennsylvania",2186,1457,1864,2787,3864,4772,3511,3570,1397,811,16
0500000US42039,"Crawford County, Pennsylvania",1783,2030,3999,3938,6190,6024,5742,3456,1563,662,11.4
0500000US42041,"Cumberland County, Pennsylvania",3308,2840,6329,8815,10793,18342,16498,18977,7498,8423,6.7
0500000US42043,"Dauphin County, Pennsylvania",7522,3146,10704,11124,14242,22424,16051,17092,5710,5890,11.4
0500000US42045,"Delaware County, Pennsylvania",10838,6107,14073,18383,21590,30806,26016,35971,18840,26878,9.9
0500000US42049,"Erie County, Pennsylvania",8936,5219,13016,10771,14927,20436,14145,15010,3824,3844,17.4
0500000US42051,"Fayette County, Pennsylvania",4185,4100,6016,6340,7787,8819,6792,7623,1802,1491,17.9
0500000US42055,"Franklin County, Pennsylvania",1736,1674,4927,6390,9213,10864,11261,9574,2630,1991,6.8
0500000US42063,"Indiana County, Pennsylvania",1868,1731,3330,3190,4563,5018,3617,5143,1652,592,13
0500000US42069,"Lackawanna County, Pennsylvania",4923,5111,9879,8379,12452,15330,12782,11497,3650,4151,14.8
0500000US42071,"Lancaster County, Pennsylvania",9641,6686,15192,14505,26639,40743,32756,33734,11567,13238,11.1
0500000US42073,"Lawrence County, Pennsylvania",2715,2037,3526,4990,5146,6451,5291,4287,1599,1240,11.6
0500000US42075,"Lebanon County, Pennsylvania",2131,1887,4786,6274,5948,11355,7849,7907,3827,1897,11.5
0500000US42077,"Lehigh County, Pennsylvania",6365,5286,11911,11098,18611,23991,18313,23461,9993,8818,11.9
0500000US42079,"Luzerne County, Pennsylvania",9102,6744,12948,14446,18192,25749,17328,16151,6079,4151,15.7
0500000US42081,"Lycoming County, Pennsylvania",2507,2159,5428,5383,4941,8528,6411,6190,1722,1573,14
0500000US42085,"Mercer County, Pennsylvania",2473,2686,4726,5018,6242,8965,6484,6887,1951,995,12.6
0500000US42089,"Monroe County, Pennsylvania",3135,1981,3545,5835,7498,9732,7723,9571,4562,2692,13
0500000US42091,"Montgomery County, Pennsylvania",9700,6534,17772,20001,26420,46849,44620,60727,37062,51688,6
0500000US42095,"Northampton County, Pennsylvania",4723,2750,7329,10485,11734,20912,17020,22901,8241,8855,7.3
0500000US42097,"Northumberland County, Pennsylvania",2156,2158,3787,5975,6123,7457,4307,4681,1313,635,13.1
0500000US42101,"Philadelphia County, Pennsylvania",75634,40619,60069,61190,82440,101276,66656,65094,31453,35074,23.3
0500000US42107,"Schuylkill County, Pennsylvania",2939,3538,6109,5334,7509,11987,8919,8169,2354,1384,11.5
0500000US42111,"Somerset County, Pennsylvania",1748,1257,3940,3189,5095,5131,3864,3863,812,557,11.9
0500000US42125,"Washington County, Pennsylvania",4455,4760,6045,7451,10968,14591,11227,13694,6824,6701,9.9
0500000US42129,"Westmoreland County, Pennsylvania",11141,6006,14057,14375,21229,27762,21714,21890,9172,7801,10.7
0500000US42133,"York County, Pennsylvania",7551,5361,14100,12905,21506,34020,24959,33306,12183,9550,9.4
0500000US44003,"Kent County, Rhode Island",2852,1879,5447,4549,6717,13968,10819,13846,5429,4660,7.3
0500000US44005,"Newport County, Rhode Island",1973,574,1862,2477,3315,5083,4590,6052,3546,4218,7.5
0500000US44007,"Providence County, Rhode Island",15944,13812,20556,18945,28403,39604,33787,37679,15945,12843,13.4
0500000US44009,"Washington County, Rhode Island",1514,1501,2056,4250,4024,6998,5268,10765,5699,5976,6.9
0500000US45003,"Aiken County, South Carolina",4440,4217,8004,4771,9768,12506,9427,8697,3594,2465,11.3
0500000US45007,"Anderson County, South Carolina",4152,3895,8699,7781,10142,14345,9828,10132,2587,4264,12.8
0500000US45013,"Beaufort County, South Carolina",2755,1755,3555,7457,9451,12119,10103,10980,6026,8842,10.3
0500000US45015,"Berkeley County, South Carolina",4569,2251,4878,6417,9802,15645,11962,16742,4558,3816,10.7
0500000US45019,"Charleston County, South Carolina",11147,4305,13128,10028,18504,28631,20388,26573,13962,18902,11.2
0500000US45031,"Darlington County, South Carolina",1821,1838,4369,2498,2872,3300,2872,3410,1087,734,17.9
0500000US45035,"Dorchester County, South Carolina",1877,2106,3477,5519,8543,9752,8867,10331,4670,2626,9.1
0500000US45041,"Florence County, South Carolina",5383,2628,4877,5290,8290,9437,6376,6852,2032,1882,16.3
0500000US45045,"Greenville County, South Carolina",10733,6429,14550,19235,27891,35189,26072,30676,13422,15354,10.6
0500000US45047,"Greenwood County, South Carolina",3014,1431,4136,3429,4415,5195,2886,2447,822,769,19.4
0500000US45051,"Horry County, South Carolina",6421,5409,12516,15797,23609,31043,17880,16662,5867,5056,12.8
0500000US45055,"Kershaw County, South Carolina",2450,1195,2580,2063,3312,3454,3013,4185,1358,934,14.2
0500000US45057,"Lancaster County, South Carolina",2133,2440,3292,1770,3753,7790,4666,4778,2363,2425,12.4
0500000US45059,"Laurens County, South Carolina",2744,1313,3568,2245,3494,5408,2828,2367,1154,780,20.9
0500000US45063,"Lexington County, South Carolina",5742,4880,11403,10089,16143,19891,16647,17700,8125,7573,12.6
0500000US45073,"Oconee County, South Carolina",3355,971,2225,3734,5740,4682,4480,3489,1684,1170,13.7
0500000US45075,"Orangeburg County, South Carolina",4902,2908,3285,4022,5103,4632,3053,3162,762,300,27.5
0500000US45077,"Pickens County, South Carolina",3208,2710,5568,4896,6776,9522,6428,6254,1552,1289,15.4
0500000US45079,"Richland County, South Carolina",14935,5410,15202,14322,22603,25105,18487,19546,10144,7730,16.6
0500000US45083,"Spartanburg County, South Carolina",7072,6124,11992,12083,15913,26292,16130,15456,5305,4889,12.8
0500000US45085,"Sumter County, South Carolina",4266,2033,5412,3010,6699,9597,5790,4915,1591,792,17.4
0500000US45091,"York County, South Carolina",3948,3045,7477,9819,15410,19073,13509,18163,9946,8010,8.2
0500000US46099,"Minnehaha County, South Dakota",3217,2613,6145,8016,10593,17379,10826,12063,5816,4378,8.4
0500000US46103,"Pennington County, South Dakota",1753,2701,5635,4215,4514,8444,5916,7225,2118,2155,12
0500000US47001,"Anderson County, Tennessee",2304,1675,3184,3143,5035,5360,3917,3363,1207,987,16.8
0500000US47009,"Blount County, Tennessee",2803,2167,5196,4319,6957,9305,7535,8238,2207,2086,10.2
0500000US47011,"Bradley County, Tennessee",2575,3740,2807,3807,6149,6455,5942,6188,945,1384,15.6
0500000US47037,"Davidson County, Tennessee",14598,9954,21079,24729,40114,54246,40381,43387,17331,23608,12.4
0500000US47059,"Greene County, Tennessee",2119,1486,4076,3663,4282,5004,3852,2436,862,543,16.3
0500000US47065,"Hamilton County, Tennessee",7700,7011,14451,13677,20900,26668,18514,21303,8865,9068,12.6
0500000US47093,"Knox County, Tennessee",13709,7054,19382,17661,23863,33124,26160,27964,10182,12826,13.5
0500000US47113,"Madison County, Tennessee",3238,2137,4822,3533,5796,8498,3765,5246,1094,801,18.3
0500000US47119,"Maury County, Tennessee",1392,1834,2333,3490,4422,7465,6349,5799,2635,1385,6.6
0500000US47125,"Montgomery County, Tennessee",3844,3169,4765,8326,14094,15161,9726,11608,4167,2114,12.9
0500000US47141,"Putnam County, Tennessee",1951,2053,5011,2777,4399,6616,4358,1933,1777,903,17.1
0500000US47147,"Robertson County, Tennessee",1106,899,2244,2316,3225,5524,3541,4236,2654,832,11.1
0500000US47149,"Rutherford County, Tennessee",3365,3175,7698,10279,14939,23717,15941,20930,8808,4945,11
0500000US47155,"Sevier County, Tennessee",2357,1374,4776,3842,4716,7594,5677,4770,1390,1437,13.6
0500000US47157,"Shelby County, Tennessee",28694,21690,34763,36444,46714,60249,39524,45103,16009,24760,16.8
0500000US47163,"Sullivan County, Tennessee",4771,3270,7506,6582,11008,13729,8012,9203,2468,2011,15.1
0500000US47165,"Sumner County, Tennessee",1794,1678,3834,5669,10706,14423,10428,12451,4571,4544,8.5
0500000US47179,"Washington County, Tennessee",5512,3447,4900,6715,6817,9828,5579,7540,2694,2785,16.6
0500000US47187,"Williamson County, Tennessee",1874,1061,3763,3523,6326,9778,9808,16966,11440,19854,4.5
0500000US47189,"Wilson County, Tennessee",1421,1196,3023,3439,6171,8790,6924,12150,4183,4321,7.7
0500000US48005,"Angelina County, Texas",1982,1335,3616,3199,4952,7749,4076,3464,995,925,14.2
0500000US48021,"Bastrop County, Texas",1662,1385,3240,1623,3206,4823,4339,3556,1545,1014,19.7
0500000US48027,"Bell County, Texas",8968,6087,12449,12600,17081,25086,16429,15876,6459,5737,14.4
0500000US48029,"Bexar County, Texas",42579,25205,58544,61611,84746,127199,82797,90996,38547,34128,15.2
0500000US48037,"Bowie County, Texas",3208,1609,3814,3731,4394,7617,3789,4267,906,1600,16.1
0500000US48039,"Brazoria County, Texas",2998,3219,8248,8273,12122,22425,19158,26758,14595,11465,7.4
0500000US48041,"Brazos County, Texas",9194,3215,7927,6616,10063,13439,11220,9542,3527,5228,20.8
0500000US48061,"Cameron County, Texas",11984,10570,18011,16897,16371,20397,13785,14482,3341,3469,25.6
0500000US48085,"Collin County, Texas",11527,5446,15040,19036,36747,51345,49152,75548,45748,54010,6.3
0500000US48091,"Comal County, Texas",2290,1290,2382,3992,5381,8288,8558,10801,7348,6674,5.6
0500000US48099,"Coryell County, Texas",1726,795,1262,3031,3194,5283,2807,2181,1315,499,10.5
0500000US48113,"Dallas County, Texas",57982,30129,72070,81987,134250,181611,116794,136670,52565,76529,13.9
0500000US48121,"Denton County, Texas",8830,5506,13309,16208,26154,53260,42502,61347,34095,43953,6.5
0500000US48135,"Ector County, Texas",2140,2005,5018,4110,6616,9016,6888,9936,4268,3158,10.4
0500000US48139,"Ellis County, Texas",2580,1575,3389,5579,5289,10650,9412,12852,5240,4899,8.8
0500000US48141,"El Paso County, Texas",24709,14800,28294,31015,38100,55670,28751,32045,9216,6550,18.8
0500000US48157,"Fort Bend County, Texas",6715,4909,10655,15614,21717,34640,30006,52405,32856,43513,6.3
0500000US48167,"Galveston County, Texas",6682,2802,11082,9545,12250,21192,14211,25576,10910,12842,10.9
0500000US48181,"Grayson County, Texas",2532,2641,4980,5362,5667,9911,6308,7011,2212,2400,11.2
0500000US48183,"Gregg County, Texas",2281,2164,5750,4708,5577,8394,6566,4850,3449,1972,17.8
0500000US48187,"Guadalupe County, Texas",1718,1003,3138,3751,6748,9365,8972,12625,5640,3091,5.5
0500000US48201,"Harris County, Texas",100472,55493,145665,151424,208753,297459,197418,232453,112216,146031,15.1
0500000US48203,"Harrison County, Texas",2970,749,2462,2009,2608,3305,4250,3325,1397,1122,21.9
0500000US48209,"Hays County, Texas",3685,3087,5001,4510,9827,14302,11196,11875,7273,6993,12.7
0500000US48213,"Henderson County, Texas",2953,1301,3934,3075,3608,6385,4070,3033,849,1399,18.4
0500000US48215,"Hidalgo County, Texas",27147,17212,34712,27898,35175,40367,23989,26536,7502,7006,27.3
0500000US48231,"Hunt County, Texas",2457,1244,3839,3305,3674,7937,4830,4525,1818,1464,15.8
0500000US48245,"Jefferson County, Texas",8007,3549,9668,7287,12609,16571,11019,10417,4740,5406,16.6
0500000US48251,"Johnson County, Texas",2838,1843,4486,4560,7308,11529,9699,9950,4459,2441,12.1
0500000US48257,"Kaufman County, Texas",1406,1513,1741,3168,4759,7112,5876,8183,3681,2396,10.5
0500000US48291,"Liberty County, Texas",2691,1366,3625,2752,3220,4251,3565,2734,1831,1332,13.7
0500000US48303,"Lubbock County, Texas",7825,6417,11408,11726,15730,22374,13102,17346,6158,5408,18.5
0500000US48309,"McLennan County, Texas",8208,5920,8877,8485,14323,15161,10681,12696,3779,4891,18.7
0500000US48329,"Midland County, Texas",3409,1376,5528,2470,5080,9208,6535,12108,5793,7818,10.7
0500000US48339,"Montgomery County, Texas",6222,3691,13763,14380,21335,29717,24614,38507,25099,32200,9.1
0500000US48347,"Nacogdoches County, Texas",1944,1784,3757,2256,3700,4585,2335,2937,929,495,21.3
0500000US48355,"Nueces County, Texas",8118,9011,13295,12391,15283,20973,17538,21862,7399,5324,16.1
0500000US48361,"Orange County, Texas",1584,1853,2799,2179,3104,5256,3607,6390,3228,1913,11.2
0500000US48367,"Parker County, Texas",1643,1973,3584,2099,3280,6424,6841,9661,4493,3522,8.4
0500000US48375,"Potter County, Texas",4558,2636,6972,6733,6009,7088,2922,5324,1099,839,21
0500000US48381,"Randall County, Texas",1984,1321,4479,4271,5998,8702,7438,9579,3356,3133,9.4
0500000US48397,"Rockwall County, Texas",494,79,1466,603,2394,7443,5179,7125,6065,5817,4.5
0500000US48409,"San Patricio County, Texas",1594,1361,2116,2027,2710,3009,2707,3737,1329,1282,12.7
0500000US48423,"Smith County, Texas",4249,2475,8776,6524,10826,15456,10571,12035,3991,3697,12.4
0500000US48439,"Tarrant County, Texas",31915,23370,48755,60494,88650,136368,99865,119562,56379,61736,10.2
0500000US48441,"Taylor County, Texas",3612,2522,4380,5140,6922,10153,6958,6831,2073,1691,14
0500000US48451,"Tom Green County, Texas",2227,2470,4142,5203,5076,7964,5087,7374,2315,1746,12.1
0500000US48453,"Travis County, Texas",27502,10941,29494,31324,54422,81658,67197,88956,49810,66447,10.9
0500000US48469,"Victoria County, Texas",1301,2067,3329,2821,3516,5265,4524,3681,2174,1380,14.5
0500000US48471,"Walker County, Texas",2162,927,2958,1656,3664,4141,3323,2132,616,622,19.7
0500000US48479,"Webb County, Texas",5186,4508,9464,7013,8570,13311,11115,11216,2397,3546,20.5
0500000US48485,"Wichita County, Texas",4070,2257,5393,3593,7672,9633,6345,6538,1437,1377,12.9
0500000US48491,"Williamson County, Texas",4580,2664,7968,8899,20459,34511,26409,42409,24362,20747,5.5
0500000US48497,"Wise County, Texas",798,716,732,2309,1897,5220,3050,4124,2090,1946,5.3
0500000US49005,"Cache County, Utah",2115,1824,2664,3956,5344,8358,6172,6229,1932,1612,15.3
0500000US49011,"Davis County, Utah",2048,1880,4831,5480,10012,21240,19254,24965,10832,8816,5.3
0500000US49035,"Salt Lake County, Utah",14957,10183,20723,23415,38456,71634,60571,75029,37303,32421,9
0500000US49045,"Tooele County, Utah",599,547,710,1452,1843,4891,3586,5542,1321,801,2.9
0500000US49049,"Utah County, Utah",4923,3724,11281,12824,18538,32519,27204,38111,15397,13631,9.9
0500000US49053,"Washington County, Utah",1199,2915,5286,6675,7178,13311,9545,9232,3771,4032,9.8
0500000US49057,"Weber County, Utah",2728,2591,4740,7374,10018,18200,16208,15924,5186,4894,5.8
0500000US50007,"Chittenden County, Vermont",4218,2371,3128,4849,6695,11878,9294,12839,6217,7027,11.8
0500000US51003,"Albemarle County, Virginia",1360,1277,2499,2334,4073,7200,6379,7153,5197,6282,6.2
0500000US51013,"Arlington County, Virginia",4857,2372,4087,3586,5602,15013,11915,21012,16578,26865,8.6
0500000US51015,"Augusta County, Virginia",912,885,2185,2198,5573,5982,4833,5141,1580,662,5.6
0500000US51019,"Bedford County, Virginia",1571,889,2157,3163,4043,5135,5167,5096,2058,2111,8.4
0500000US51041,"Chesterfield County, Virginia",2936,3128,6748,10684,12240,23916,16720,29142,11589,11817,6.6
0500000US51059,"Fairfax County, Virginia",11122,4485,11393,13928,26309,42488,44371,77762,60928,107400,6
0500000US51061,"Fauquier County, Virginia",494,791,943,744,1620,3636,3233,5744,3151,3914,6.5
0500000US51069,"Frederick County, Virginia",1018,702,1568,2392,2582,5331,5552,7871,3472,1522,5.8
0500000US51085,"Hanover County, Virginia",898,465,1982,2910,3592,6569,5583,8745,5092,3685,4.9
0500000US51087,"Henrico County, Virginia",5698,3509,10847,9080,17953,23935,14740,19987,10484,14358,8.9
0500000US51095,"James City County, Virginia",901,266,1842,1559,2158,4257,5471,7476,3345,2987,4.9
0500000US51107,"Loudoun County, Virginia",2308,845,3056,4379,5507,11130,14290,24003,22550,45682,3
0500000US51121,"Montgomery County, Virginia",4738,1203,2123,3250,4280,7698,4076,3959,2563,2354,23.1
0500000US51153,"Prince William County, Virginia",3540,1528,5454,7019,9676,18569,19763,34202,18482,25275,6.3
0500000US51161,"Roanoke County, Virginia",1326,1602,2431,2636,3665,7932,4864,7185,2788,3077,6.2
0500000US51165,"Rockingham County, Virginia",632,515,1985,2956,5239,5683,5328,4465,1953,1706,7.1
0500000US51177,"Spotsylvania County, Virginia",1635,1200,2470,2831,4866,6176,6067,11177,5174,4831,6.4
0500000US51179,"Stafford County, Virginia",1423,343,1115,1668,3911,6721,6936,9346,9166,7463,5.9
0500000US51199,"York County, Virginia",903,894,1380,877,1786,4129,4220,6042,2176,3601,5.8
0500000US51510,"Alexandria city, Virginia",1134,1319,2419,3907,4269,10763,9741,13068,7716,16669,8.6
0500000US51550,"Chesapeake city, Virginia",2109,3520,6427,6054,8596,15709,11197,18385,8723,6158,8
0500000US51650,"Hampton city, Virginia",2716,2924,4935,4705,9430,10461,8394,6706,2813,2549,13.8
0500000US51680,"Lynchburg city, Virginia",2356,922,2091,3292,4294,6046,4572,3121,1208,1048,14.8
0500000US51700,"Newport News city, Virginia",5966,3187,6787,6080,10880,14678,9311,8767,3005,2257,14.8
0500000US51710,"Norfolk city, Virginia",8092,4136,8073,10024,10885,17685,11507,10279,4615,3091,17.9
0500000US51740,"Portsmouth city, Virginia",3157,1967,3779,2523,6094,6871,5496,4339,739,1124,19.2
0500000US51760,"Richmond city, Virginia",9734,5910,9210,7968,11202,15935,8956,9522,5016,6425,18.9
0500000US51770,"Roanoke city, Virginia",3451,4252,5097,4076,5195,7620,3826,4140,1309,1844,20.6
0500000US51800,"Suffolk city, Virginia",1570,818,2494,2231,3526,5199,6040,7402,2416,2901,8.4
0500000US51810,"Virginia Beach city, Virginia",5411,2120,8903,13455,18932,33440,29019,34161,15721,13867,6.8
0500000US53005,"Benton County, Washington",1712,2385,6584,4891,9393,13419,8734,14540,5905,6115,11.3
0500000US53007,"Chelan County, Washington",1359,909,2954,2802,3712,6215,3662,3699,2275,1387,14.5
0500000US53009,"Clallam County, Washington",2669,985,3511,2489,4790,5762,5736,4717,1694,669,10.2
0500000US53011,"Clark County, Washington",5587,4429,10863,11551,20284,31260,28156,37991,15583,15158,9.2
0500000US53015,"Cowlitz County, Washington",2426,1659,4035,4827,6201,8321,6101,4945,2387,1888,12.2
0500000US53021,"Franklin County, Washington",1725,494,2269,2999,2881,6230,3058,4763,2536,1207,16.2
0500000US53025,"Grant County, Washington",1166,1096,2670,4056,4529,6327,4765,3734,1092,1431,14.8
0500000US53027,"Grays Harbor County, Washington",1666,1183,2681,2687,3906,6250,4627,4209,1573,1138,9.8
0500000US53029,"Island County, Washington",1895,393,1610,2206,5266,7185,5872,6428,2594,2137,6.6
0500000US53033,"King County, Washington",36887,20683,41485,44371,71759,121840,99668,175535,105225,190308,7.6
0500000US53035,"Kitsap County, Washington",3948,2506,6018,5084,11066,22174,16596,22161,8801,9171,6.9
0500000US53041,"Lewis County, Washington",1705,1288,3825,2481,4046,6491,4517,4769,2087,670,11.6
0500000US53045,"Mason County, Washington",1295,366,1656,2257,3284,5459,2249,5224,1980,1050,12.8
0500000US53053,"Pierce County, Washington",11837,9890,17989,19454,38070,59870,49896,71031,29781,25839,9.1
0500000US53057,"Skagit County, Washington",1439,2207,3687,3535,6837,9497,7317,8692,3327,2505,11.9
0500000US53061,"Snohomish County, Washington",9214,8372,15378,16292,24954,49375,44646,60643,35977,34976,6.8
0500000US53063,"Spokane County, Washington",12176,9068,17530,18945,29861,42423,26878,28679,15448,10715,13.1
0500000US53067,"Thurston County, Washington",5059,3469,8037,7041,11640,18975,18638,22586,8970,8494,9.2
0500000US53073,"Whatcom County, Washington",4150,3041,7264,7626,8220,17753,14138,15270,6124,5208,12.9
0500000US53077,"Yakima County, Washington",4590,2588,9372,9141,12090,15909,12900,10709,3610,3083,16.9
0500000US54003,"Berkeley County, West Virginia",2611,1207,2725,5196,5769,10543,6208,7999,2267,1870,12.6
0500000US54011,"Cabell County, West Virginia",4711,2189,4673,5024,5638,5907,3667,3559,1501,1171,18.9
0500000US54033,"Harrison County, West Virginia",977,1369,2912,2856,3551,3663,2994,5144,1631,808,8.3
0500000US54039,"Kanawha County, West Virginia",8951,3903,8217,7501,12114,13761,8561,9172,3141,3063,17
0500000US54061,"Monongalia County, West Virginia",3259,2932,3903,3353,4723,6253,3810,6827,1813,3528,22.3
0500000US54081,"Raleigh County, West Virginia",2611,2003,5039,3311,3554,4401,5601,3441,404,966,16.6
0500000US54107,"Wood County, West Virginia",3508,2226,3016,4310,4545,6378,4389,3563,1305,942,14.1
0500000US55009,"Brown County, Wisconsin",5488,4396,7804,8738,15902,19686,12623,19431,8407,4910,10.3
0500000US55025,"Dane County, Wisconsin",7987,7663,13962,16955,24640,39987,32886,46223,18674,20783,9.4
0500000US55027,"Dodge County, Wisconsin",1446,849,2746,3569,4624,7849,4697,6523,1983,818,7.3
0500000US55035,"Eau Claire County, Wisconsin",1524,1887,2595,4245,4808,8769,5985,7564,2334,1674,10.1
0500000US55039,"Fond du Lac County, Wisconsin",1169,1409,3568,3297,5890,8759,6351,8259,2594,1308,6.2
0500000US55055,"Jefferson County, Wisconsin",787,926,1982,3595,3785,5820,4908,6700,2528,1752,6.3
0500000US55059,"Kenosha County, Wisconsin",2325,2388,5744,5972,7541,12944,8433,11716,4266,2858,9.4
0500000US55063,"La Crosse County, Wisconsin",1700,2443,4281,4380,7013,11005,6261,6993,2196,1903,12.2
0500000US55071,"Manitowoc County, Wisconsin",904,1903,3404,2283,5879,6452,5447,4821,1608,1130,8.7
0500000US55073,"Marathon County, Wisconsin",1851,1923,4452,5481,7161,10365,8958,9376,2567,2631,7.9
0500000US55079,"Milwaukee County, Wisconsin",28545,18983,43449,35176,55052,68409,45948,53783,18606,15714,16.6
0500000US55087,"Outagamie County, Wisconsin",1844,2374,6624,6498,9652,16300,11041,12979,4300,3362,7.3
0500000US55089,"Ozaukee County, Wisconsin",882,697,1431,2400,3696,5662,6353,6920,3214,4540,4.6
0500000US55097,"Portage County, Wisconsin",1772,1231,2234,3205,4489,5080,3781,4505,1255,1511,13
0500000US55101,"Racine County, Wisconsin",3970,4145,7282,6470,11230,12255,10806,13752,5098,3897,12.9
0500000US55105,"Rock County, Wisconsin",3403,3306,4342,6320,9638,13225,10067,10194,3140,1681,13.5
0500000US55109,"St. Croix County, Wisconsin",1111,1224,1648,1595,3328,5736,5958,8276,3426,2429,7.5
0500000US55117,"Sheboygan County, Wisconsin",1507,1501,3548,4551,7855,11372,7626,6561,2297,1873,8
0500000US55127,"Walworth County, Wisconsin",1908,1319,4019,4083,4747,8478,6218,6555,3139,2333,9.1
0500000US55131,"Washington County, Wisconsin",1525,913,2510,3712,7754,9655,8831,11984,5297,3075,4.8
0500000US55133,"Waukesha County, Wisconsin",4247,3175,9560,8280,14205,25435,22860,34251,19462,19160,4.7
0500000US55139,"Winnebago County, Wisconsin",2509,2939,7084,6713,10632,13991,10267,10764,3148,3191,10
0500000US55141,"Wood County, Wisconsin",1298,2163,2665,3881,4196,7769,4355,3939,1131,1287,11.8
0500000US56021,"Laramie County, Wyoming",2336,2081,3013,2587,4026,8758,6788,5595,3945,2610,9.8
0500000US56025,"Natrona County, Wyoming",1528,913,3048,3383,3368,6777,5368,5099,1930,1630,8.6
0500000US72013,"Arecibo Municipio, Puerto Rico",9185,3520,6512,5304,3825,2842,414,33,189,266,49
0500000US72021,"Bayam√≥n Municipio, Puerto Rico",13077,6629,12330,9925,9868,10608,3583,2083,547,330,32.5
0500000US72025,"Caguas Municipio, Puerto Rico",10915,6352,6865,6545,5749,5644,2313,2086,674,526,38.5
0500000US72031,"Carolina Municipio, Puerto Rico",11974,4572,9700,8356,9233,8304,2921,2397,209,936,34.6
0500000US72061,"Guaynabo Municipio, Puerto Rico",4680,2157,4946,3550,4494,4038,3662,2215,1573,1810,22.9
0500000US72097,"Mayag√ºez Municipio, Puerto Rico",10938,3661,5632,2341,1931,2238,696,554,200,458,52.6
0500000US72113,"Ponce Municipio, Puerto Rico",19155,7131,8456,5207,5214,3528,1524,1467,632,523,53.2
0500000US72127,"San Juan Municipio, Puerto Rico",40451,12149,20568,14096,16046,13711,7991,7051,2383,4354,40
0500000US72135,"Toa Alta Municipio, Puerto Rico",4554,1850,3814,2891,3702,3065,1523,1002,180,69,31.1
0500000US72137,"Toa Baja Municipio, Puerto Rico",6318,2864,5617,3913,3469,3645,1752,582,81,50,38.4
0500000US72139,"Trujillo Alto Municipio, Puerto Rico",3795,2204,3752,2380,3343,3624,1529,1756,266,614,27.5
