countyFIPS,County Name,No Diploma,High School,Associate's,Bachelor's,Graduate,Foreign Born
0500000US01003,"Baldwin County, Alabama",12068,41884,16170,32781,18690,11002
0500000US01015,"Calhoun County, Alabama",8871,27277,7112,9082,6175,1906
0500000US01043,"Cullman County, Alabama",8365,17924,6783,5935,3306,2196
0500000US01049,"DeKalb County, Alabama",5375,17881,4433,3693,2306,5018
0500000US01051,"Elmore County, Alabama",3853,19992,5821,9418,4892,2356
0500000US01055,"Etowah County, Alabama",8623,23037,6655,7524,4845,2999
0500000US01069,"Houston County, Alabama",7241,22300,6894,10453,6224,3587
0500000US01073,"Jefferson County, Alabama",29820,121638,39049,92039,64394,25095
0500000US01077,"Lauderdale County, Alabama",6564,21989,4953,8491,5795,995
0500000US01081,"Lee County, Alabama",5054,22314,9640,21276,20679,9924
0500000US01083,"Limestone County, Alabama",6492,22913,6481,12708,4783,2775
0500000US01089,"Madison County, Alabama",12682,50143,23140,68431,44844,20655
0500000US01095,"Marshall County, Alabama",7177,21230,5820,9708,3295,8027
0500000US01097,"Mobile County, Alabama",26028,101149,22914,41867,22331,10438
0500000US01101,"Montgomery County, Alabama",11019,37602,12095,30610,22937,9738
0500000US01103,"Morgan County, Alabama",6885,29020,6427,12666,6625,6436
0500000US01115,"St. Clair County, Alabama",5764,22413,7676,5464,3063,1128
0500000US01117,"Shelby County, Alabama",5845,30045,11765,43560,22881,12755
0500000US01121,"Talladega County, Alabama",8078,19600,4808,5027,3484,754
0500000US01125,"Tuscaloosa County, Alabama",10494,40380,9988,25100,16471,6986
0500000US01127,"Walker County, Alabama",5823,15714,4745,3902,1526,1077
0500000US02020,"Anchorage Municipality, Alaska",6158,48046,17702,42352,26860,30991
0500000US02090,"Fairbanks North Star Borough, Alaska",1273,12724,5310,10212,10179,4938
0500000US02170,"Matanuska-Susitna Borough, Alaska",3013,23545,7531,12008,5117,4272
0500000US04001,"Apache County, Arizona",4297,14470,4095,2837,2635,661
0500000US04003,"Cochise County, Arizona",6043,23731,10223,13332,8769,12898
0500000US04005,"Coconino County, Arizona",3606,17279,7088,18637,14874,5052
0500000US04013,"Maricopa County, Arizona",200414,671626,264954,641198,370334,668288
0500000US04015,"Mohave County, Arizona",17157,55224,14602,13958,8053,13242
0500000US04017,"Navajo County, Arizona",8469,20945,6478,5185,4459,2428
0500000US04019,"Pima County, Arizona",51014,156065,58406,134431,97377,141996
0500000US04021,"Pinal County, Arizona",26936,97185,27789,45318,17647,39275
0500000US04025,"Yavapai County, Arizona",12083,47369,15036,28432,23437,17050
0500000US04027,"Yuma County, Arizona",16409,35591,11710,12459,6968,56225
0500000US05007,"Benton County, Arkansas",10160,53130,12511,41162,22967,34015
0500000US05031,"Craighead County, Arkansas",4169,23643,6371,11232,7049,4891
0500000US05045,"Faulkner County, Arkansas",2853,24953,7127,16010,6519,3246
0500000US05051,"Garland County, Arkansas",4271,20930,6042,13383,7346,4031
0500000US05069,"Jefferson County, Arkansas",4483,18015,3115,5507,2907,1246
0500000US05085,"Lonoke County, Arkansas",3524,20122,4371,6161,3222,2045
0500000US05119,"Pulaski County, Arkansas",15074,70334,22041,56208,37567,21399
0500000US05125,"Saline County, Arkansas",7283,29344,6948,14965,7521,4605
0500000US05131,"Sebastian County, Arkansas",9018,24440,5889,14157,7267,11242
0500000US05143,"Washington County, Arkansas",12128,39707,8791,27896,18539,27150
0500000US05145,"White County, Arkansas",6637,21972,5054,5119,3284,1363
0500000US06001,"Alameda County, California",62208,206361,74221,350691,254123,541271
0500000US06007,"Butte County, California",11310,31262,14060,29686,14144,15700
0500000US06013,"Contra Costa County, California",46067,143469,65185,207074,137706,303990
0500000US06017,"El Dorado County, California",5995,31638,15701,34900,15291,17281
0500000US06019,"Fresno County, California",66072,136503,58640,91545,45271,206037
0500000US06023,"Humboldt County, California",6546,19235,10992,19112,9180,7490
0500000US06025,"Imperial County, California",18312,26050,7102,15536,5033,53016
0500000US06029,"Kern County, California",58690,155083,46521,64784,29512,178403
0500000US06031,"Kings County, California",14231,21507,6346,11434,5311,31474
0500000US06033,"Lake County, California",4461,14354,3814,4687,2594,6775
0500000US06037,"Los Angeles County, California",581694,1438678,482385,1551191,798358,3401887
0500000US06039,"Madera County, California",11918,25071,7977,10116,3906,31025
0500000US06041,"Marin County, California",5658,21022,11194,68445,44064,46338
0500000US06045,"Mendocino County, California",5674,13788,5647,8963,5383,10100
0500000US06047,"Merced County, California",19780,40709,12313,17021,7155,79527
0500000US06053,"Monterey County, California",22940,57017,23898,41618,29815,123974
0500000US06055,"Napa County, California",6348,17961,8147,21590,13730,29237
0500000US06057,"Nevada County, California",2341,17061,8265,17364,10220,6695
0500000US06059,"Orange County, California",145322,391016,169466,568673,334171,949825
0500000US06061,"Placer County, California",9562,50657,31085,78201,39817,51488
0500000US06065,"Riverside County, California",134245,425630,133859,243719,137572,525953
0500000US06067,"Sacramento County, California",62602,246619,102669,220172,110417,327353
0500000US06071,"San Bernardino County, California",153584,358404,112024,203015,109680,468907
0500000US06073,"San Diego County, California",129381,415370,188990,560064,352583,761933
0500000US06075,"San Francisco County, California",33872,83279,34056,245885,169239,296969
0500000US06077,"San Joaquin County, California",42246,141126,40829,68256,28539,175163
0500000US06079,"San Luis Obispo County, California",11131,37166,17608,43577,27494,27300
0500000US06081,"San Mateo County, California",21421,85336,41384,159935,131012,275480
0500000US06083,"Santa Barbara County, California",16994,50633,21302,57383,38659,105855
0500000US06085,"Santa Clara County, California",61328,185865,92749,378617,346638,778179
0500000US06087,"Santa Cruz County, California",7056,27947,15618,45805,33573,48148
0500000US06089,"Shasta County, California",6836,31700,17233,19470,8321,8894
0500000US06095,"Solano County, California",16421,73322,31394,59359,30463,90833
0500000US06097,"Sonoma County, California",17627,68082,34043,83916,50558,73943
0500000US06099,"Stanislaus County, California",28793,106940,24905,43323,17260,109938
0500000US06101,"Sutter County, California",6353,14560,6469,7792,5432,20769
0500000US06103,"Tehama County, California",5072,14839,4501,4443,3000,4784
0500000US06107,"Tulare County, California",26867,70964,29384,25160,12673,91969
0500000US06111,"Ventura County, California",29849,120731,53341,126372,74668,183079
0500000US06113,"Yolo County, California",6425,26233,12666,29079,23256,47765
0500000US06115,"Yuba County, California",6260,12955,5061,6614,2442,10499
0500000US08001,"Adams County, Colorado",30431,100428,29144,57475,28104,80678
0500000US08005,"Arapahoe County, Colorado",18177,89876,38936,121316,76381,103875
0500000US08013,"Boulder County, Colorado",5918,22028,13794,77590,63520,33670
0500000US08014,"Broomfield County, Colorado",989,6653,4446,16344,11832,6890
0500000US08031,"Denver County, Colorado",24443,90398,26728,173093,108630,95519
0500000US08035,"Douglas County, Colorado",3685,29349,18693,85304,51508,27466
0500000US08041,"El Paso County, Colorado",14533,98112,55280,115581,68464,47598
0500000US08059,"Jefferson County, Colorado",14603,84577,32752,131426,71351,35115
0500000US08069,"Larimer County, Colorado",6471,42827,22160,71744,45008,16819
0500000US08077,"Mesa County, Colorado",6839,29498,8769,21132,10842,6628
0500000US08101,"Pueblo County, Colorado",6764,33985,14452,17960,9294,5828
0500000US08123,"Weld County, Colorado",12032,52714,21359,38415,24527,30540
0500000US09001,"Fairfield County, Connecticut",28573,141693,41841,178372,139426,216625
0500000US09003,"Hartford County, Connecticut",35587,160355,53083,132373,111364,134712
0500000US09005,"Litchfield County, Connecticut",6014,41484,13313,28860,19957,13573
0500000US09007,"Middlesex County, Connecticut",6040,31908,9674,28756,22388,12295
0500000US09009,"New Haven County, Connecticut",37140,183855,41416,112267,98814,109553
0500000US09011,"New London County, Connecticut",8789,53513,15222,34098,28531,26022
0500000US09013,"Tolland County, Connecticut",3948,26915,8799,22366,17656,11388
0500000US09015,"Windham County, Connecticut",6616,28638,7352,12074,7246,4197
0500000US10001,"Kent County, Delaware",9153,38869,11425,19111,10738,11393
0500000US10003,"New Castle County, Delaware",21357,115494,28626,83552,59416,66416
0500000US10005,"Sussex County, Delaware",12087,53279,16834,31624,23758,19461
0500000US11001,"District of Columbia, District of Columbia",24709,79881,16922,129825,171604,85333
0500000US12001,"Alachua County, Florida",7221,33057,19315,38876,37231,28904
0500000US12005,"Bay County, Florida",8553,36115,13836,20426,12843,12656
0500000US12009,"Brevard County, Florida",25987,125446,56641,84941,52074,50672
0500000US12011,"Broward County, Florida",82706,393304,136817,288842,169998,683608
0500000US12015,"Charlotte County, Florida",10887,56412,14726,22225,12812,21510
0500000US12017,"Citrus County, Florida",11164,37558,11156,15281,11879,8814
0500000US12019,"Clay County, Florida",5122,42188,21594,28299,15022,14386
0500000US12021,"Collier County, Florida",15671,79547,25574,61075,43805,101494
0500000US12023,"Columbia County, Florida",5304,20456,3490,4933,2529,3478
0500000US12031,"Duval County, Florida",42797,188630,66360,133607,67888,108479
0500000US12033,"Escambia County, Florida",17116,64979,23295,32156,19807,17854
0500000US12035,"Flagler County, Florida",5456,30934,7415,15520,7926,15480
0500000US12053,"Hernando County, Florida",11842,47866,14829,19165,9430,11546
0500000US12055,"Highlands County, Florida",8084,28880,7185,8955,4522,12176
0500000US12057,"Hillsborough County, Florida",64165,273738,98150,221014,132539,278289
0500000US12061,"Indian River County, Florida",7021,36038,12045,25733,13206,19132
0500000US12069,"Lake County, Florida",19138,82050,30853,43256,26001,39931
0500000US12071,"Lee County, Florida",36487,181330,54635,105918,63485,128493
0500000US12073,"Leon County, Florida",9582,32025,14013,45460,36959,21890
0500000US12081,"Manatee County, Florida",19951,90491,29317,55472,37470,45105
0500000US12083,"Marion County, Florida",21508,100297,29025,34545,21886,29581
0500000US12085,"Martin County, Florida",8005,30810,10851,26848,17500,19721
0500000US12086,"Miami-Dade County, Florida",197038,507716,173187,374163,220973,1483944
0500000US12087,"Monroe County, Florida",2162,16034,6052,12139,7980,14088
0500000US12089,"Nassau County, Florida",4753,20436,5200,12535,7173,3607
0500000US12091,"Okaloosa County, Florida",7621,40117,14797,29747,15940,16656
0500000US12095,"Orange County, Florida",68167,236539,98413,220004,112713,299058
0500000US12097,"Osceola County, Florida",21811,72733,29427,39637,20872,87174
0500000US12099,"Palm Beach County, Florida",56013,261427,102452,250259,164860,395938
0500000US12101,"Pasco County, Florida",27625,132873,43773,67700,34505,57216
0500000US12103,"Pinellas County, Florida",46613,206958,74635,162734,86288,114317
0500000US12105,"Polk County, Florida",43172,172422,52885,69107,35533,72594
0500000US12107,"Putnam County, Florida",7079,20910,5028,4076,2564,3497
0500000US12109,"St. Johns County, Florida",5906,41562,15853,53543,32512,19458
0500000US12111,"St. Lucie County, Florida",21024,79655,25052,33543,18150,56660
0500000US12113,"Santa Rosa County, Florida",8075,36575,14655,23129,11416,7324
0500000US12115,"Sarasota County, Florida",14112,97060,31825,71682,54591,50884
0500000US12117,"Seminole County, Florida",13665,71422,39775,89063,48683,72626
0500000US12119,"Sumter County, Florida",5128,37763,10172,24444,14860,6757
0500000US12127,"Volusia County, Florida",24530,136707,50275,62946,36462,45092
0500000US12131,"Walton County, Florida",4081,15310,5949,11481,4845,5690
0500000US13013,"Barrow County, Georgia",6029,17455,4888,8289,4460,6669
0500000US13015,"Bartow County, Georgia",7693,25148,4499,9338,3431,4705
0500000US13021,"Bibb County, Georgia",9067,30714,7148,13643,11370,5558
0500000US13031,"Bulloch County, Georgia",3969,13991,4298,7042,4700,2411
0500000US13045,"Carroll County, Georgia",9603,27535,4850,8732,5889,6421
0500000US13047,"Catoosa County, Georgia",3744,15118,4924,7739,3176,1059
0500000US13051,"Chatham County, Georgia",14507,48665,10752,41921,25264,18865
0500000US13057,"Cherokee County, Georgia",9551,40649,13757,47155,20161,25133
0500000US13059,"Clarke County, Georgia",4769,11545,7010,17499,17015,12968
0500000US13063,"Clayton County, Georgia",18189,64360,15723,22901,11250,41566
0500000US13067,"Cobb County, Georgia",17280,93519,37764,157034,90628,122296
0500000US13073,"Columbia County, Georgia",4944,22367,11845,27509,14839,7690
0500000US13077,"Coweta County, Georgia",6357,27107,10691,16896,10178,8475
0500000US13089,"DeKalb County, Georgia",31163,111366,40412,133066,101213,116220
0500000US13095,"Dougherty County, Georgia",7364,15718,5589,5249,6196,1820
0500000US13097,"Douglas County, Georgia",5252,28822,7499,18404,11040,15548
0500000US13113,"Fayette County, Georgia",2240,16897,7757,23791,12244,11818
0500000US13115,"Floyd County, Georgia",5531,24571,4852,7882,7223,6108
0500000US13117,"Forsyth County, Georgia",5899,22895,10917,58137,31608,44629
0500000US13121,"Fulton County, Georgia",31125,112161,42551,245555,173975,136142
0500000US13127,"Glynn County, Georgia",4015,16862,5134,8668,8286,3061
0500000US13135,"Gwinnett County, Georgia",35768,126919,58436,153655,81930,255483
0500000US13139,"Hall County, Georgia",11678,36385,9908,20969,13324,32369
0500000US13151,"Henry County, Georgia",8070,51749,13480,27388,12610,17205
0500000US13153,"Houston County, Georgia",4657,31656,14110,16505,11756,11457
0500000US13157,"Jackson County, Georgia",4753,16735,4895,9266,3231,3213
0500000US13185,"Lowndes County, Georgia",4309,22551,8192,12197,5388,3219
0500000US13215,"Muscogee County, Georgia",9385,33601,13996,16638,14898,12379
0500000US13217,"Newton County, Georgia",6973,24615,5316,7590,5328,6293
0500000US13223,"Paulding County, Georgia",9791,34013,8697,15281,9123,11565
0500000US13245,"Richmond County, Georgia",12001,46959,11513,16396,10270,8330
0500000US13247,"Rockdale County, Georgia",5332,17558,5533,9501,4727,9837
0500000US13255,"Spalding County, Georgia",4758,19255,4226,4684,3376,3076
0500000US13285,"Troup County, Georgia",3405,18838,3812,6259,2977,2919
0500000US13295,"Walker County, Georgia",6380,17412,3167,5070,3122,1074
0500000US13297,"Walton County, Georgia",6973,21045,4271,10093,5262,4168
0500000US13313,"Whitfield County, Georgia",7622,19812,4644,6569,4607,20370
0500000US15001,"Hawaii County, Hawaii",5346,44801,13331,28302,14845,29466
0500000US15003,"Honolulu County, Hawaii",26727,175946,74971,159284,84671,196337
0500000US15007,"Kauai County, Hawaii",1997,15629,6479,9626,5074,11463
0500000US15009,"Maui County, Hawaii",5630,37043,11315,22759,10640,35741
0500000US16001,"Ada County, Idaho",12655,65205,34129,83760,46990,30055
0500000US16005,"Bannock County, Idaho",2650,13887,4359,11180,5464,2066
0500000US16019,"Bonneville County, Idaho",3008,18844,8081,16715,7167,4737
0500000US16027,"Canyon County, Idaho",9764,43111,15191,20954,8443,17259
0500000US16055,"Kootenai County, Idaho",6064,29628,14411,17885,10481,4147
0500000US16083,"Twin Falls County, Idaho",3945,14561,5080,6739,4910,6239
0500000US17001,"Adams County, Illinois",3219,17182,4248,7323,3696,796
0500000US17019,"Champaign County, Illinois",4746,27805,10706,24821,31531,23534
0500000US17031,"Cook County, Illinois",216326,816922,240359,853414,601685,1084010
0500000US17037,"DeKalb County, Illinois",2752,14775,5959,14358,7782,6113
0500000US17043,"DuPage County, Illinois",19782,119928,43854,194085,128680,180885
0500000US17089,"Kane County, Illinois",24896,84639,27734,76420,40068,88771
0500000US17091,"Kankakee County, Illinois",4424,27236,7026,8564,5554,5398
0500000US17093,"Kendall County, Illinois",2980,18067,10330,18753,13999,10627
0500000US17097,"Lake County, Illinois",21520,93219,29162,124570,82467,130407
0500000US17099,"LaSalle County, Illinois",6399,29000,8458,8205,4405,3932
0500000US17111,"McHenry County, Illinois",8514,56597,20717,50685,23020,25488
0500000US17113,"McLean County, Illinois",3697,23199,8592,32115,15752,11603
0500000US17115,"Macon County, Illinois",3577,28800,5150,10386,5171,2750
0500000US17119,"Madison County, Illinois",9577,53092,20399,34958,20894,5746
0500000US17143,"Peoria County, Illinois",6116,36006,11456,23466,15690,7975
0500000US17161,"Rock Island County, Illinois",7441,29582,10155,13931,9429,12915
0500000US17163,"St. Clair County, Illinois",10479,48719,18548,28692,20552,7911
0500000US17167,"Sangamon County, Illinois",6731,38247,11841,29896,16709,6067
0500000US17179,"Tazewell County, Illinois",3866,29836,9808,17685,7494,1382
0500000US17183,"Vermilion County, Illinois",4128,23069,5815,4095,2192,1800
0500000US17197,"Will County, Illinois",21949,126042,39274,104764,56774,85534
0500000US17199,"Williamson County, Illinois",2184,14533,4922,8886,5012,1637
0500000US17201,"Winnebago County, Illinois",13887,58883,19494,30875,16951,22376
0500000US18003,"Allen County, Indiana",15012,68299,28322,48664,23031,28722
0500000US18005,"Bartholomew County, Indiana",2619,16835,4588,12387,8557,9011
0500000US18011,"Boone County, Indiana",2319,7577,4323,12561,8368,3971
0500000US18019,"Clark County, Indiana",6279,27726,9983,12395,5964,4013
0500000US18035,"Delaware County, Indiana",5134,26287,8782,8418,7795,2807
0500000US18039,"Elkhart County, Indiana",11058,48765,8449,18298,7777,17588
0500000US18043,"Floyd County, Indiana",3658,17319,4911,9674,5662,1857
0500000US18053,"Grant County, Indiana",2859,17161,3083,5636,3705,1164
0500000US18057,"Hamilton County, Indiana",4184,30186,14915,85573,54184,28444
0500000US18059,"Hancock County, Indiana",3880,16496,4769,11432,4584,1105
0500000US18063,"Hendricks County, Indiana",4182,34092,9827,29419,13128,7073
0500000US18067,"Howard County, Indiana",3339,19730,4941,6814,3606,484
0500000US18081,"Johnson County, Indiana",5072,34376,8777,23015,9915,7238
0500000US18085,"Kosciusko County, Indiana",4676,18857,3553,9162,5485,4573
0500000US18089,"Lake County, Indiana",19768,119767,26284,49359,25649,32083
0500000US18091,"LaPorte County, Indiana",6985,30369,8427,9616,4262,2732
0500000US18095,"Madison County, Indiana",7397,35135,8622,10978,5879,2312
0500000US18097,"Marion County, Indiana",54833,190148,49861,127436,70469,90510
0500000US18105,"Monroe County, Indiana",2986,20670,5461,20000,19100,11699
0500000US18109,"Morgan County, Indiana",3584,18883,3927,5756,2750,916
0500000US18127,"Porter County, Indiana",3975,44467,11546,20782,11667,5892
0500000US18141,"St. Joseph County, Indiana",13031,57334,15037,32213,21664,19080
0500000US18157,"Tippecanoe County, Indiana",6728,29562,7845,23117,19674,23939
0500000US18163,"Vanderburgh County, Indiana",8841,42621,11750,23623,10667,6587
0500000US18167,"Vigo County, Indiana",4328,23987,6606,10388,7540,3564
0500000US18177,"Wayne County, Indiana",3430,16182,5117,4859,3148,1587
0500000US19013,"Black Hawk County, Iowa",4074,27384,8761,16654,8655,10567
0500000US19049,"Dallas County, Iowa",1123,10459,7100,23363,9735,8948
0500000US19061,"Dubuque County, Iowa",2434,22396,7534,14179,7059,3237
0500000US19103,"Johnson County, Iowa",3077,14207,7210,25466,22547,17105
0500000US19113,"Linn County, Iowa",6284,43136,21359,34840,15940,11908
0500000US19153,"Polk County, Iowa",13527,78084,31659,86308,36292,49101
0500000US19155,"Pottawattamie County, Iowa",3970,20241,8149,10414,4422,3657
0500000US19163,"Scott County, Iowa",5684,32719,13457,23597,14119,6774
0500000US19169,"Story County, Iowa",952,9246,5690,15952,12276,8181
0500000US19193,"Woodbury County, Iowa",4366,21816,6472,9745,4832,9008
0500000US20015,"Butler County, Kansas",2298,11679,3641,8605,5040,2490
0500000US20045,"Douglas County, Kansas",2422,15135,6404,21459,12610,7518
0500000US20091,"Johnson County, Kansas",9301,61327,29353,141825,87485,54496
0500000US20103,"Leavenworth County, Kansas",2492,15582,4171,10855,6439,1909
0500000US20161,"Riley County, Kansas",898,6639,3268,9382,7459,5399
0500000US20173,"Sedgwick County, Kansas",20752,89109,29527,68431,37434,45011
0500000US20177,"Shawnee County, Kansas",5439,36989,9945,24917,12900,6233
0500000US20209,"Wyandotte County, Kansas",10186,35185,8886,13183,7766,30511
0500000US21015,"Boone County, Kentucky",3746,23168,8420,18163,9716,10422
0500000US21029,"Bullitt County, Kentucky",4868,23421,6377,6268,2773,2732
0500000US21037,"Campbell County, Kentucky",3456,17352,4598,16975,8990,2212
0500000US21047,"Christian County, Kentucky",3560,11646,4865,6351,2286,2366
0500000US21059,"Daviess County, Kentucky",5473,21439,6983,10538,6531,5704
0500000US21067,"Fayette County, Kentucky",9352,44780,15127,52172,42980,33003
0500000US21093,"Hardin County, Kentucky",4521,23230,9020,11185,6575,5654
0500000US21111,"Jefferson County, Kentucky",30864,142555,43559,112671,74403,70265
0500000US21117,"Kenton County, Kentucky",6228,32953,10559,22807,14275,6153
0500000US21145,"McCracken County, Kentucky",3312,15157,4126,6525,4686,384
0500000US21151,"Madison County, Kentucky",3736,17396,4525,10689,8059,2792
0500000US21185,"Oldham County, Kentucky",2137,10631,3643,11662,6893,3546
0500000US21227,"Warren County, Kentucky",3624,20878,7744,17288,11402,13817
0500000US22005,"Ascension Parish, Louisiana",5189,28291,8351,14105,7102,2950
0500000US22015,"Bossier Parish, Louisiana",4391,28221,7036,11662,7219,5203
0500000US22017,"Caddo Parish, Louisiana",16971,55690,11240,23652,15095,4515
0500000US22019,"Calcasieu Parish, Louisiana",13940,47580,11414,19527,11276,5300
0500000US22033,"East Baton Rouge Parish, Louisiana",18592,79314,15728,61824,36300,26018
0500000US22045,"Iberia Parish, Louisiana",4320,22259,3526,5819,1741,2584
0500000US22051,"Jefferson Parish, Louisiana",22929,92849,21184,54775,30303,55670
0500000US22055,"Lafayette Parish, Louisiana",9733,48017,9349,40347,16821,9758
0500000US22057,"Lafourche Parish, Louisiana",8690,26596,3401,7600,3477,2385
0500000US22063,"Livingston Parish, Louisiana",12666,33104,5664,15626,4158,2946
0500000US22071,"Orleans Parish, Louisiana",26385,64474,10863,60495,50325,22923
0500000US22073,"Ouachita Parish, Louisiana",9705,32692,6149,16676,9461,3607
0500000US22079,"Rapides Parish, Louisiana",8367,31489,6073,11666,5059,4027
0500000US22097,"St. Landry Parish, Louisiana",7937,23211,2788,4315,2003,968
0500000US22103,"St. Tammany Parish, Louisiana",11332,48162,9094,41217,23460,10289
0500000US22105,"Tangipahoa Parish, Louisiana",7935,31144,5195,13525,8088,2997
0500000US22109,"Terrebonne Parish, Louisiana",8678,29048,5680,7666,4297,3369
0500000US23001,"Androscoggin County, Maine",4218,25890,10439,12689,6345,5070
0500000US23003,"Aroostook County, Maine",2411,20293,6184,6235,3246,2579
0500000US23005,"Cumberland County, Maine",7328,45878,16749,68042,40468,19692
0500000US23011,"Kennebec County, Maine",3919,29443,8685,14994,10802,3761
0500000US23019,"Penobscot County, Maine",4968,35889,11682,21261,10896,4500
0500000US23031,"York County, Maine",7958,47707,16801,30316,20038,7449
0500000US24001,"Allegany County, Maryland",3710,21339,4733,6554,3884,1375
0500000US24003,"Anne Arundel County, Maryland",19676,93519,28702,98858,76862,50936
0500000US24005,"Baltimore County, Maryland",30172,146811,43541,134304,100701,105712
0500000US24009,"Calvert County, Maryland",2138,20589,5769,10458,9931,3109
0500000US24013,"Carroll County, Maryland",4467,33395,11920,25330,18279,6535
0500000US24015,"Cecil County, Maryland",5456,25511,6857,11675,6306,3003
0500000US24017,"Charles County, Maryland",4412,35122,8798,18371,13252,12168
0500000US24021,"Frederick County, Maryland",6127,43128,13135,42016,32504,27586
0500000US24025,"Harford County, Maryland",7002,45149,16977,37547,28653,12146
0500000US24027,"Howard County, Maryland",6862,29410,10841,70938,71132,68142
0500000US24031,"Montgomery County, Maryland",29564,104474,39433,191773,228295,341537
0500000US24033,"Prince George's County, Maryland",38534,161056,41401,119222,89664,214910
0500000US24037,"St. Mary's County, Maryland",4983,25220,7588,14280,8718,6005
0500000US24043,"Washington County, Maryland",9184,39492,6675,13153,10727,9518
0500000US24045,"Wicomico County, Maryland",5864,20697,3907,10906,8941,9481
0500000US24510,"Baltimore city, Maryland",40849,118267,20230,73630,65410,43510
0500000US25001,"Barnstable County, Massachusetts",3987,33904,16355,43969,35017,17697
0500000US25003,"Berkshire County, Massachusetts",5165,27263,9561,16158,15118,7464
0500000US25005,"Bristol County, Massachusetts",25096,119682,35043,80043,39946,76798
0500000US25009,"Essex County, Massachusetts",28280,134150,43271,135679,92781,149907
0500000US25011,"Franklin County, Massachusetts",2977,14502,6140,10869,9024,2847
0500000US25013,"Hampden County, Massachusetts",25406,106999,28017,53301,35816,39313
0500000US25015,"Hampshire County, Massachusetts",3825,18667,8479,25530,27442,14116
0500000US25017,"Middlesex County, Massachusetts",35922,216402,65620,320544,330527,347220
0500000US25021,"Norfolk County, Massachusetts",16020,93366,34008,142779,131479,135027
0500000US25023,"Plymouth County, Massachusetts",12544,104164,31788,89694,50265,51753
0500000US25025,"Suffolk County, Massachusetts",27275,121115,29191,145138,126638,228966
0500000US25027,"Worcester County, Massachusetts",29739,162680,52148,126776,86627,114098
0500000US26005,"Allegan County, Michigan",4564,33720,6004,14257,4991,3336
0500000US26017,"Bay County, Michigan",4192,25717,8323,11105,5072,1065
0500000US26021,"Berrien County, Michigan",8141,29250,11484,17084,11923,7645
0500000US26025,"Calhoun County, Michigan",6594,34462,9117,12104,6469,6770
0500000US26037,"Clinton County, Michigan",1424,14534,5833,10857,7735,2137
0500000US26045,"Eaton County, Michigan",2543,22542,8847,14718,8147,4409
0500000US26049,"Genesee County, Michigan",20902,86307,30220,37975,22484,9858
0500000US26055,"Grand Traverse County, Michigan",2879,15157,5899,17000,9517,2104
0500000US26065,"Ingham County, Michigan",6356,38313,15386,40339,32332,31931
0500000US26073,"Isabella County, Michigan",2355,13511,3223,5644,5205,1982
0500000US26075,"Jackson County, Michigan",7600,39897,10045,17016,8550,3579
0500000US26077,"Kalamazoo County, Michigan",7466,37992,14332,37862,25669,16280
0500000US26081,"Kent County, Michigan",20056,103697,38524,104451,54393,52422
0500000US26087,"Lapeer County, Michigan",4099,21717,5837,8014,4037,1727
0500000US26091,"Lenawee County, Michigan",5024,24438,7167,9466,5234,2449
0500000US26093,"Livingston County, Michigan",5676,36624,13063,32818,15987,5300
0500000US26099,"Macomb County, Michigan",35502,189992,66800,99670,57841,102884
0500000US26103,"Marquette County, Michigan",1587,13562,4186,10726,4948,1133
0500000US26111,"Midland County, Michigan",2365,16896,6361,12874,8402,2903
0500000US26115,"Monroe County, Michigan",7246,34374,12633,17703,8591,3989
0500000US26121,"Muskegon County, Michigan",6292,40666,15077,16905,7879,3418
0500000US26125,"Oakland County, Michigan",29367,169373,71333,249398,188674,175021
0500000US26139,"Ottawa County, Michigan",8787,51523,16335,43887,21583,16517
0500000US26145,"Saginaw County, Michigan",10180,43829,14855,18523,10413,3738
0500000US26147,"St. Clair County, Michigan",7733,36229,14106,16051,8630,3867
0500000US26155,"Shiawassee County, Michigan",2915,19209,4932,6017,2696,416
0500000US26159,"Van Buren County, Michigan",3622,16744,5268,7591,4593,3781
0500000US26161,"Washtenaw County, Michigan",7995,33141,16744,60153,69970,47604
0500000US26163,"Wayne County, Michigan",102762,371317,96997,173534,123692,156318
0500000US27003,"Anoka County, Minnesota",9212,66496,31253,58285,20905,34686
0500000US27013,"Blue Earth County, Minnesota",1144,10409,4242,9878,4435,4113
0500000US27019,"Carver County, Minnesota",2203,10474,6518,24801,11138,6003
0500000US27035,"Crow Wing County, Minnesota",2084,14259,6784,7495,4397,939
0500000US27037,"Dakota County, Minnesota",7113,61528,33000,83473,40541,41963
0500000US27053,"Hennepin County, Minnesota",24784,145356,78228,286145,162033,167523
0500000US27109,"Olmsted County, Minnesota",2127,22424,12469,26566,24384,17476
0500000US27123,"Ramsey County, Minnesota",15611,80700,32640,99412,60153,90836
0500000US27131,"Rice County, Minnesota",2116,12956,5446,7994,5344,3364
0500000US27137,"St. Louis County, Minnesota",4865,36310,17899,26874,14448,5924
0500000US27139,"Scott County, Minnesota",3815,20015,12273,28084,12148,14529
0500000US27141,"Sherburne County, Minnesota",2276,19579,8262,11990,4992,2479
0500000US27145,"Stearns County, Minnesota",3665,29311,12311,18920,8339,11434
0500000US27163,"Washington County, Minnesota",4161,37826,17330,52444,29677,17565
0500000US27171,"Wright County, Minnesota",2233,26236,11029,20549,9889,3508
0500000US28033,"DeSoto County, Mississippi",9131,33888,12685,20976,13264,5972
0500000US28035,"Forrest County, Mississippi",3837,13983,5480,7129,4654,1043
0500000US28047,"Harrison County, Mississippi",10297,41518,15161,20723,11264,6813
0500000US28049,"Hinds County, Mississippi",12443,37006,12743,24762,18951,3710
0500000US28059,"Jackson County, Mississippi",6718,29817,10782,15998,7559,6513
0500000US28067,"Jones County, Mississippi",3622,15720,5562,5122,3217,1510
0500000US28075,"Lauderdale County, Mississippi",7517,12755,7059,6354,3197,701
0500000US28081,"Lee County, Mississippi",6588,14830,6205,9296,4733,1524
0500000US28089,"Madison County, Mississippi",3865,14407,4604,21932,12521,5752
0500000US28121,"Rankin County, Mississippi",8164,27363,11600,21696,10624,4533
0500000US29019,"Boone County, Missouri",4263,22003,8036,28166,23177,13453
0500000US29021,"Buchanan County, Missouri",3645,25757,4022,8783,3104,2065
0500000US29031,"Cape Girardeau County, Missouri",3582,14823,2760,10915,6780,1637
0500000US29037,"Cass County, Missouri",3182,27290,5144,11432,7155,415
0500000US29043,"Christian County, Missouri",4352,17212,5908,11139,6362,2461
0500000US29047,"Clay County, Missouri",6159,49529,16288,38089,16517,15724
0500000US29051,"Cole County, Missouri",3087,15861,5192,11919,6095,2954
0500000US29071,"Franklin County, Missouri",4801,23797,8543,9493,4925,604
0500000US29077,"Greene County, Missouri",9493,55861,13566,37274,20735,9750
0500000US29095,"Jackson County, Missouri",29183,142213,34920,97893,58492,41577
0500000US29097,"Jasper County, Missouri",7345,26238,4348,13425,5514,6349
0500000US29099,"Jefferson County, Missouri",12437,50369,21335,19846,11225,4292
0500000US29165,"Platte County, Missouri",1879,17028,5873,19403,12266,6282
0500000US29183,"St. Charles County, Missouri",11718,64719,24733,71174,40377,16208
0500000US29187,"St. Francois County, Missouri",4210,17887,3795,3154,3711,516
0500000US29189,"St. Louis County, Missouri",31190,148663,49582,176472,139849,74642
0500000US29510,"St. Louis city, Missouri",15404,53754,12051,44504,39549,21475
0500000US30013,"Cascade County, Montana",2649,18396,4833,9616,4359,1167
0500000US30029,"Flathead County, Montana",2384,20571,7313,19583,6922,3349
0500000US30031,"Gallatin County, Montana",973,13242,4974,25925,12909,4169
0500000US30049,"Lewis and Clark County, Montana",1312,11672,4505,13994,8044,1172
0500000US30063,"Missoula County, Montana",2330,18062,7415,24561,11781,2640
0500000US30111,"Yellowstone County, Montana",5109,34909,9562,24706,12170,3305
0500000US31055,"Douglas County, Nebraska",16275,80965,27838,99282,56144,60181
0500000US31109,"Lancaster County, Nebraska",8084,40395,25399,50724,29167,25345
0500000US31153,"Sarpy County, Nebraska",2535,28119,13106,31620,15828,8494
0500000US32003,"Clark County, Nevada",127911,440002,133363,262662,137445,513230
0500000US32031,"Washoe County, Nevada",21646,73923,30624,63427,39979,69312
0500000US33005,"Cheshire County, New Hampshire",1639,16410,4856,11348,6876,2558
0500000US33009,"Grafton County, New Hampshire",4112,15293,5664,13003,13563,6097
0500000US33011,"Hillsborough County, New Hampshire",14956,78345,30012,72579,39867,43333
0500000US33013,"Merrimack County, New Hampshire",6564,31608,11137,23064,15573,6907
0500000US33015,"Rockingham County, New Hampshire",6708,63457,20094,58907,37951,17254
0500000US33017,"Strafford County, New Hampshire",3852,23447,9575,18305,13000,5465
0500000US34001,"Atlantic County, New Jersey",13849,62031,11813,35053,16728,42872
0500000US34003,"Bergen County, New Jersey",22953,138581,39629,209445,134616,293943
0500000US34005,"Burlington County, New Jersey",13117,86330,26645,78940,46074,45275
0500000US34007,"Camden County, New Jersey",20276,105369,27043,74645,43563,53732
0500000US34009,"Cape May County, New Jersey",2866,24431,5040,12764,9707,4440
0500000US34011,"Cumberland County, New Jersey",13007,41449,7300,10657,5882,17487
0500000US34013,"Essex County, New Jersey",35277,160914,28314,118339,74740,231871
0500000US34015,"Gloucester County, New Jersey",9122,64869,17856,45026,23789,14698
0500000US34017,"Hudson County, New Jersey",25511,112271,23787,129465,89379,299736
0500000US34019,"Hunterdon County, New Jersey",3603,17430,5474,29015,20054,15169
0500000US34021,"Mercer County, New Jersey",16167,57906,16798,57081,53328,89064
0500000US34023,"Middlesex County, New Jersey",35260,139655,32407,147973,101780,277450
0500000US34025,"Monmouth County, New Jersey",15205,100471,33463,127720,83849,84510
0500000US34027,"Morris County, New Jersey",9253,67719,19571,117222,79141,101166
0500000US34029,"Ocean County, New Jersey",19910,144122,32513,89049,45603,45454
0500000US34031,"Passaic County, New Jersey",19317,118879,17632,65704,31821,171427
0500000US34033,"Salem County, New Jersey",3474,16573,4781,5301,3568,1642
0500000US34035,"Somerset County, New Jersey",5107,47188,13753,71900,57048,85951
0500000US34037,"Sussex County, New Jersey",4098,27266,9089,24376,14456,11060
0500000US34039,"Union County, New Jersey",20434,110198,19979,86972,54164,177948
0500000US34041,"Warren County, New Jersey",3814,22669,6097,19134,6694,9791
0500000US35001,"Bernalillo County, New Mexico",34547,113185,42977,92636,73855,72369
0500000US35005,"Chaves County, New Mexico",5580,10542,3246,4630,2683,7820
0500000US35013,"Do√±a Ana County, New Mexico",11324,28024,13021,20591,16057,33597
0500000US35025,"Lea County, New Mexico",5372,11818,4413,3107,2435,14523
0500000US35031,"McKinley County, New Mexico",6413,16482,2761,2494,2429,1034
0500000US35035,"Otero County, New Mexico",3041,14645,4041,3887,2583,8750
0500000US35043,"Sandoval County, New Mexico",4615,26993,10892,19438,14239,7948
0500000US35045,"San Juan County, New Mexico",8880,24706,12624,6661,5050,2258
0500000US35049,"Santa Fe County, New Mexico",6777,21824,8008,24250,21033,19146
0500000US35061,"Valencia County, New Mexico",4441,16506,5034,4939,5032,4645
0500000US36001,"Albany County, New York",10898,43776,25706,47956,41878,31149
0500000US36005,"Bronx County, New York",131428,271874,72701,118282,71893,477678
0500000US36007,"Broome County, New York",8350,39186,17014,17423,16926,12938
0500000US36009,"Cattaraugus County, New York",3206,20668,6451,6018,5241,1487
0500000US36011,"Cayuga County, New York",4662,18648,6785,8300,4688,1718
0500000US36013,"Chautauqua County, New York",5901,29846,11968,13016,10089,2385
0500000US36015,"Chemung County, New York",3760,19181,8344,8165,6883,2668
0500000US36019,"Clinton County, New York",4771,20090,5680,8023,6247,3649
0500000US36027,"Dutchess County, New York",10433,57180,22457,39690,33579,33801
0500000US36029,"Erie County, New York",29116,181853,82794,124738,95701,63354
0500000US36045,"Jefferson County, New York",4599,25321,8211,9421,6241,5330
0500000US36047,"Kings County, New York",138229,472167,103381,419822,277094,905490
0500000US36051,"Livingston County, New York",2577,14509,6130,5669,4920,1862
0500000US36053,"Madison County, New York",2613,18088,7220,6581,5029,1937
0500000US36055,"Monroe County, New York",30907,114172,60445,119003,91519,67326
0500000US36059,"Nassau County, New York",32413,207529,74645,249842,198328,315496
0500000US36061,"New York County, New York",73291,158877,43093,403257,372367,453153
0500000US36063,"Niagara County, New York",9166,47012,19529,26350,16165,8293
0500000US36065,"Oneida County, New York",11641,48085,18489,25480,19334,21443
0500000US36067,"Onondaga County, New York",16988,82893,37997,63102,51861,37317
0500000US36069,"Ontario County, New York",3142,20647,9869,16279,14417,3277
0500000US36071,"Orange County, New York",16664,67933,25753,42409,35379,42453
0500000US36075,"Oswego County, New York",6756,28518,9724,10372,7333,2530
0500000US36079,"Putnam County, New York",3334,19030,5039,15240,12261,13888
0500000US36081,"Queens County, New York",112726,446542,130799,334272,207624,1072916
0500000US36083,"Rensselaer County, New York",6628,31615,15091,20896,18203,10378
0500000US36085,"Richmond County, New York",20405,97259,24334,71914,48875,111846
0500000US36087,"Rockland County, New York",13065,43317,16781,46487,39510,69780
0500000US36089,"St. Lawrence County, New York",5565,25602,8925,8684,7733,3639
0500000US36091,"Saratoga County, New York",8199,40812,18279,40148,30363,13514
0500000US36093,"Schenectady County, New York",5004,31368,13345,22627,15566,19150
0500000US36101,"Steuben County, New York",3973,24600,9216,8066,8475,3119
0500000US36103,"Suffolk County, New York",52210,271535,102027,214035,182346,230278
0500000US36105,"Sullivan County, New York",3701,19121,4645,8049,5982,6093
0500000US36109,"Tompkins County, New York",1599,10180,5483,14218,19741,13041
0500000US36111,"Ulster County, New York",8088,37183,15701,21405,21327,13422
0500000US36113,"Warren County, New York",2356,13350,6299,9064,7148,2171
0500000US36117,"Wayne County, New York",4695,21727,8422,8970,6484,3448
0500000US36119,"Westchester County, New York",34342,129521,42724,171264,174038,247140
0500000US37001,"Alamance County, North Carolina",8550,34596,12532,20362,8575,14641
0500000US37019,"Brunswick County, North Carolina",5720,30257,13633,24064,13767,5139
0500000US37021,"Buncombe County, North Carolina",9309,46011,20744,48140,30166,20545
0500000US37023,"Burke County, North Carolina",6986,22081,8215,7212,5268,6612
0500000US37025,"Cabarrus County, North Carolina",7993,37386,13994,32289,16918,21293
0500000US37027,"Caldwell County, North Carolina",8791,17289,6953,7575,2405,2489
0500000US37031,"Carteret County, North Carolina",3711,13771,4228,9610,6509,2219
0500000US37035,"Catawba County, North Carolina",9854,32022,14157,18487,7530,11006
0500000US37037,"Chatham County, North Carolina",3505,11838,4588,11889,12334,9144
0500000US37045,"Cleveland County, North Carolina",5984,23511,7841,8063,4388,2940
0500000US37049,"Craven County, North Carolina",4453,18526,10593,9188,5685,5872
0500000US37051,"Cumberland County, North Carolina",13128,56438,22750,32889,18950,23266
0500000US37057,"Davidson County, North Carolina",10343,42438,11144,15734,7004,9509
0500000US37063,"Durham County, North Carolina",10995,41630,14953,53718,56313,51391
0500000US37067,"Forsyth County, North Carolina",16959,68338,23133,52474,33401,30996
0500000US37069,"Franklin County, North Carolina",3725,14923,6945,8029,2741,4701
0500000US37071,"Gaston County, North Carolina",16326,46675,14517,26059,10789,11900
0500000US37081,"Guilford County, North Carolina",26803,80865,34587,85797,47266,62470
0500000US37085,"Harnett County, North Carolina",6820,26710,10761,14644,6590,7498
0500000US37089,"Henderson County, North Carolina",5960,21545,9674,16647,9891,7190
0500000US37097,"Iredell County, North Carolina",8821,35183,13401,26784,12172,11792
0500000US37101,"Johnston County, North Carolina",10647,34542,22601,25189,8261,18626
0500000US37109,"Lincoln County, North Carolina",3577,20213,7625,10679,5445,3705
0500000US37119,"Mecklenburg County, North Carolina",35679,121680,64340,224061,119534,175616
0500000US37125,"Moore County, North Carolina",3655,15840,7016,18958,9840,5138
0500000US37127,"Nash County, North Carolina",6301,24324,6949,9016,2589,3846
0500000US37129,"New Hanover County, North Carolina",7897,31044,16141,45487,24406,12512
0500000US37133,"Onslow County, North Carolina",6448,32295,13905,19019,7770,8142
0500000US37135,"Orange County, North Carolina",3474,12281,5619,27064,32028,18179
0500000US37147,"Pitt County, North Carolina",9074,28701,14350,21609,14348,9878
0500000US37151,"Randolph County, North Carolina",12036,34692,10565,10120,4857,7517
0500000US37155,"Robeson County, North Carolina",13201,29451,8467,8482,4157,6015
0500000US37157,"Rockingham County, North Carolina",8295,27272,5687,6318,3094,2102
0500000US37159,"Rowan County, North Carolina",8214,29968,12682,11231,6748,7870
0500000US37161,"Rutherford County, North Carolina",4596,15183,4603,7102,2421,2349
0500000US37171,"Surry County, North Carolina",5935,13858,7127,6736,2591,3872
0500000US37179,"Union County, North Carolina",8726,36140,13190,39100,18682,24117
0500000US37183,"Wake County, North Carolina",29682,113857,57909,245903,158595,154685
0500000US37191,"Wayne County, North Carolina",5206,25703,11174,9504,5078,8318
0500000US37193,"Wilkes County, North Carolina",5670,17410,4758,6393,1883,2531
0500000US37195,"Wilson County, North Carolina",6300,17984,5490,7023,3591,4926
0500000US38015,"Burleigh County, North Dakota",1610,15382,9748,16286,6756,3234
0500000US38017,"Cass County, North Dakota",3199,25953,12896,33247,15551,13576
0500000US38035,"Grand Forks County, North Dakota",1007,8016,6809,8926,6688,3102
0500000US38101,"Ward County, North Dakota",1078,12454,6904,8745,3668,3710
0500000US39003,"Allen County, Ohio",4951,28962,5424,9208,4179,1209
0500000US39007,"Ashtabula County, Ohio",5526,31105,4941,6803,2502,1383
0500000US39009,"Athens County, Ohio",1957,11564,3379,6432,7094,2578
0500000US39013,"Belmont County, Ohio",3296,22523,5610,5431,2900,1102
0500000US39017,"Butler County, Ohio",16313,83176,19897,51551,27186,26706
0500000US39023,"Clark County, Ohio",7264,38412,9139,8578,6328,2275
0500000US39025,"Clermont County, Ohio",9783,45977,11167,28477,13577,4034
0500000US39029,"Columbiana County, Ohio",4183,34262,7660,7649,3832,1222
0500000US39035,"Cuyahoga County, Ohio",58735,235550,72462,172875,121361,102746
0500000US39041,"Delaware County, Ohio",4337,25538,9440,43735,28561,16510
0500000US39043,"Erie County, Ohio",2977,19914,5449,8302,4711,1048
0500000US39045,"Fairfield County, Ohio",4813,36134,9302,21174,10408,6508
0500000US39049,"Franklin County, Ohio",49622,207801,59506,231548,137995,151135
0500000US39055,"Geauga County, Ohio",1973,16874,6100,14817,8327,2746
0500000US39057,"Greene County, Ohio",4436,26857,9343,26794,19939,7481
0500000US39061,"Hamilton County, Ohio",32499,143561,46589,130468,92711,49101
0500000US39063,"Hancock County, Ohio",3277,18331,4442,7524,6491,2259
0500000US39081,"Jefferson County, Ohio",2475,21190,5148,5884,2977,931
0500000US39085,"Lake County, Ohio",9457,51708,17275,29269,14468,12328
0500000US39089,"Licking County, Ohio",8389,39813,12862,21227,11034,6126
0500000US39093,"Lorain County, Ohio",17113,68192,24831,32677,21178,8631
0500000US39095,"Lucas County, Ohio",23733,85364,29911,49217,29801,14041
0500000US39099,"Mahoning County, Ohio",11106,58602,12648,27134,14156,6273
0500000US39101,"Marion County, Ohio",4395,20235,3435,3854,2419,1755
0500000US39103,"Medina County, Ohio",5261,38595,11715,28259,15951,4995
0500000US39109,"Miami County, Ohio",4315,27063,7547,9480,6672,2833
0500000US39113,"Montgomery County, Ohio",25776,98494,34247,63757,40718,24806
0500000US39119,"Muskingum County, Ohio",6026,24470,5157,6334,4572,507
0500000US39133,"Portage County, Ohio",5912,40809,7856,18317,12218,5243
0500000US39139,"Richland County, Ohio",6597,34298,9651,9555,6497,1519
0500000US39141,"Ross County, Ohio",3810,24885,4842,5965,2644,677
0500000US39145,"Scioto County, Ohio",5561,19965,4869,6868,3331,259
0500000US39151,"Stark County, Ohio",16911,103940,25489,38401,19049,6566
0500000US39153,"Summit County, Ohio",20330,116682,29649,79797,45057,29100
0500000US39155,"Trumbull County, Ohio",11329,60812,11091,18817,8977,2913
0500000US39157,"Tuscarawas County, Ohio",5733,28288,4413,8360,3366,1670
0500000US39165,"Warren County, Ohio",5949,43647,11220,43887,27858,17292
0500000US39169,"Wayne County, Ohio",4034,28448,5139,9939,6865,2254
0500000US39173,"Wood County, Ohio",2950,24457,8112,18603,11553,3797
0500000US40017,"Canadian County, Oklahoma",7851,30934,7270,18279,8400,6658
0500000US40027,"Cleveland County, Oklahoma",8882,43318,15360,39527,24649,19816
0500000US40031,"Comanche County, Oklahoma",5806,26597,5681,9651,6575,6223
0500000US40037,"Creek County, Oklahoma",4545,19755,4205,6135,2508,711
0500000US40101,"Muskogee County, Oklahoma",4310,14058,5223,6956,2792,1902
0500000US40109,"Oklahoma County, Oklahoma",37051,135646,36498,105740,64822,80733
0500000US40119,"Payne County, Oklahoma",1897,12585,3110,9507,8197,6845
0500000US40125,"Pottawatomie County, Oklahoma",4289,17851,4088,6413,3251,702
0500000US40131,"Rogers County, Oklahoma",3865,19179,7467,10517,4393,2812
0500000US40143,"Tulsa County, Oklahoma",28611,108593,37757,95702,48775,59215
0500000US40145,"Wagoner County, Oklahoma",3177,18419,5247,8899,3815,2988
0500000US41003,"Benton County, Oregon",1010,7404,4858,17504,15614,7562
0500000US41005,"Clackamas County, Oregon",13643,66683,27553,71322,39246,36112
0500000US41017,"Deschutes County, Oregon",6687,27455,16150,34219,21972,9105
0500000US41019,"Douglas County, Oregon",5159,28309,7981,7825,5158,2576
0500000US41029,"Jackson County, Oregon",10477,45144,13902,25539,18520,13562
0500000US41033,"Josephine County, Oregon",6539,21697,5714,7007,3996,3805
0500000US41035,"Klamath County, Oregon",3262,16043,5215,6431,4064,2981
0500000US41039,"Lane County, Oregon",13743,61427,23257,50858,34795,20198
0500000US41043,"Linn County, Oregon",8157,24269,8660,11093,5969,5247
0500000US41047,"Marion County, Oregon",15506,55994,22477,38810,19520,42427
0500000US41051,"Multnomah County, Oregon",25849,101685,42985,171134,115587,114170
0500000US41053,"Polk County, Oregon",2237,12240,5973,10844,6957,5252
0500000US41059,"Umatilla County, Oregon",4986,15126,6104,6167,3699,7194
0500000US41067,"Washington County, Oregon",12714,80335,35552,109362,74561,106423
0500000US41071,"Yamhill County, Oregon",6327,17716,7260,11876,6436,8151
0500000US42001,"Adams County, Pennsylvania",5294,30948,5744,8696,6988,4243
0500000US42003,"Allegheny County, Pennsylvania",28725,231835,88476,219464,160067,77478
0500000US42005,"Armstrong County, Pennsylvania",2412,24906,4268,5305,2222,412
0500000US42007,"Beaver County, Pennsylvania",6965,39963,14958,21231,11324,3481
0500000US42011,"Berks County, Pennsylvania",21972,107603,25650,46869,26113,32442
0500000US42013,"Blair County, Pennsylvania",5065,38805,8228,13087,7258,1037
0500000US42017,"Bucks County, Pennsylvania",18070,123559,38293,112760,78532,67630
0500000US42019,"Butler County, Pennsylvania",5157,43170,13959,32941,17622,4103
0500000US42021,"Cambria County, Pennsylvania",4448,43640,11249,12408,6970,842
0500000US42025,"Carbon County, Pennsylvania",3462,22380,4521,5726,3262,1737
0500000US42027,"Centre County, Pennsylvania",4929,28690,6780,21785,22387,13929
0500000US42029,"Chester County, Pennsylvania",11692,72860,22837,114996,81532,47769
0500000US42033,"Clearfield County, Pennsylvania",5176,30342,5157,6167,3425,1134
0500000US42037,"Columbia County, Pennsylvania",3096,18598,4356,6975,4026,1967
0500000US42039,"Crawford County, Pennsylvania",3574,27231,4265,8054,4755,1278
0500000US42041,"Cumberland County, Pennsylvania",8834,54350,15182,42061,26180,14815
0500000US42043,"Dauphin County, Pennsylvania",12876,65325,19764,38007,22900,24132
0500000US42045,"Delaware County, Pennsylvania",19728,112895,26866,91180,66035,59755
0500000US42049,"Erie County, Pennsylvania",12730,68212,18643,34869,20211,8463
0500000US42051,"Fayette County, Pennsylvania",9276,44620,7966,11195,5783,2435
0500000US42055,"Franklin County, Pennsylvania",9061,48540,8049,14550,9564,7459
0500000US42063,"Indiana County, Pennsylvania",3300,24707,4383,7954,5356,994
0500000US42069,"Lackawanna County, Pennsylvania",9052,56718,13133,27364,16328,11094
0500000US42071,"Lancaster County, Pennsylvania",27085,128767,29736,68160,36279,27671
0500000US42073,"Lawrence County, Pennsylvania",3503,27415,6333,8999,5106,1380
0500000US42075,"Lebanon County, Pennsylvania",8313,43389,7565,13483,7082,6195
0500000US42077,"Lehigh County, Pennsylvania",14853,89032,22164,47347,27401,43150
0500000US42079,"Luzerne County, Pennsylvania",12631,90591,22953,28992,20153,21761
0500000US42081,"Lycoming County, Pennsylvania",6163,31786,8173,12418,7135,2095
0500000US42085,"Mercer County, Pennsylvania",5581,32672,8281,11396,6855,1440
0500000US42089,"Monroe County, Pennsylvania",8024,41936,11094,20295,10714,14108
0500000US42091,"Montgomery County, Pennsylvania",19320,133574,45775,167194,126612,86300
0500000US42095,"Northampton County, Pennsylvania",12364,75756,19720,41470,24786,24007
0500000US42097,"Northumberland County, Pennsylvania",5326,34731,4298,7640,3124,2558
0500000US42101,"Philadelphia County, Pennsylvania",98403,353708,64608,195772,141903,221462
0500000US42107,"Schuylkill County, Pennsylvania",7728,49010,10343,11939,5303,3240
0500000US42111,"Somerset County, Pennsylvania",4166,26327,5391,6310,3402,623
0500000US42125,"Washington County, Pennsylvania",7336,51614,15284,30201,15861,4132
0500000US42129,"Westmoreland County, Pennsylvania",10354,96209,29609,49531,26518,5134
0500000US42133,"York County, Pennsylvania",22021,119648,29924,54403,28632,21222
0500000US44003,"Kent County, Rhode Island",7017,35687,11946,25472,14290,11594
0500000US44005,"Newport County, Rhode Island",2375,14498,4714,16756,12217,6496
0500000US44007,"Providence County, Rhode Island",29302,132456,37981,80811,50698,115120
0500000US44009,"Washington County, Rhode Island",3234,21143,7601,25226,18061,6555
0500000US45003,"Aiken County, South Carolina",7987,37104,11772,23221,11840,6499
0500000US45007,"Anderson County, South Carolina",13578,44243,16341,21931,12582,8040
0500000US45013,"Beaufort County, South Carolina",6057,29727,12147,32563,24226,15730
0500000US45015,"Berkeley County, South Carolina",10161,45798,16146,26348,15714,14424
0500000US45019,"Charleston County, South Carolina",15784,59965,24725,83680,52525,27593
0500000US45031,"Darlington County, South Carolina",5212,16543,4145,5779,3159,500
0500000US45035,"Dorchester County, South Carolina",8470,28188,12160,21573,9789,12332
0500000US45041,"Florence County, South Carolina",7650,32478,7492,14001,9250,4286
0500000US45045,"Greenville County, South Carolina",28421,81955,35699,84340,46504,48428
0500000US45047,"Greenwood County, South Carolina",3588,15192,5849,7532,5028,1838
0500000US45051,"Horry County, South Carolina",18931,86478,28015,40789,23979,23562
0500000US45055,"Kershaw County, South Carolina",4346,14904,4793,7227,3975,1818
0500000US45057,"Lancaster County, South Carolina",5169,19629,9513,10915,5236,6986
0500000US45059,"Laurens County, South Carolina",4765,16057,5224,6035,3207,3282
0500000US45063,"Lexington County, South Carolina",16035,54718,22534,39954,22264,15283
0500000US45073,"Oconee County, South Carolina",5260,17969,5501,8629,6700,2485
0500000US45075,"Orangeburg County, South Carolina",6568,18616,6911,6300,5886,298
0500000US45077,"Pickens County, South Carolina",7403,23780,9064,11982,9494,5541
0500000US45079,"Richland County, South Carolina",17257,56656,21517,65474,45985,28234
0500000US45083,"Spartanburg County, South Carolina",19890,62044,21199,34514,22685,21222
0500000US45085,"Sumter County, South Carolina",5138,21517,8017,9718,5711,2957
0500000US45091,"York County, South Carolina",9355,45682,19270,43129,24036,18168
0500000US46099,"Minnehaha County, South Dakota",4852,32467,15053,32765,12535,15757
0500000US46103,"Pennington County, South Dakota",4064,21464,8002,16370,8575,2670
0500000US47001,"Anderson County, Tennessee",4395,20336,5621,6867,5030,3550
0500000US47009,"Blount County, Tennessee",7319,34844,5784,14073,8262,4775
0500000US47011,"Bradley County, Tennessee",7729,25330,5318,12261,4723,5363
0500000US47037,"Davidson County, Tennessee",30860,95929,30329,137107,83852,94396
0500000US47059,"Greene County, Tennessee",4856,20957,3191,5631,3946,1399
0500000US47065,"Hamilton County, Tennessee",17933,62378,23303,58117,32896,21350
0500000US47093,"Knox County, Tennessee",17230,80802,27868,71144,48276,24343
0500000US47113,"Madison County, Tennessee",4715,22257,4615,11007,6739,3099
0500000US47119,"Maury County, Tennessee",5105,22694,6924,12076,4700,3306
0500000US47125,"Montgomery County, Tennessee",5656,35410,16897,24752,15193,12634
0500000US47141,"Putnam County, Tennessee",3326,17266,3114,10016,5010,3757
0500000US47147,"Robertson County, Tennessee",4767,17948,2789,8049,2488,3033
0500000US47149,"Rutherford County, Tennessee",10255,56900,18403,42688,21396,31164
0500000US47155,"Sevier County, Tennessee",7165,26802,4873,9733,3646,5286
0500000US47157,"Shelby County, Tennessee",48731,174316,36938,117445,79164,59399
0500000US47163,"Sullivan County, Tennessee",8530,38831,9230,18928,11732,3148
0500000US47165,"Sumner County, Tennessee",8043,40382,10822,27365,12891,11132
0500000US47179,"Washington County, Tennessee",6710,27412,7666,15989,12267,4336
0500000US47187,"Williamson County, Tennessee",5131,21074,8981,60684,35638,21334
0500000US47189,"Wilson County, Tennessee",4305,29760,7954,22955,12286,8159
0500000US48005,"Angelina County, Texas",4075,18586,3506,6020,4589,6421
0500000US48021,"Bastrop County, Texas",4815,20132,2749,6051,3303,12625
0500000US48027,"Bell County, Texas",14617,57293,25798,34276,22050,30008
0500000US48029,"Bexar County, Texas",102423,330817,107519,230415,133132,260040
0500000US48037,"Bowie County, Texas",5385,20895,4233,7610,4378,3074
0500000US48039,"Brazoria County, Texas",15925,67006,18764,49200,23129,45539
0500000US48041,"Brazos County, Texas",8359,27159,5789,29577,23027,28804
0500000US48061,"Cameron County, Texas",33983,65981,18532,29642,13507,97854
0500000US48085,"Collin County, Texas",17527,110941,51079,222276,137266,227971
0500000US48091,"Comal County, Texas",4526,25645,10353,28328,15194,8666
0500000US48099,"Coryell County, Texas",4260,14186,5361,5585,2736,5533
0500000US48113,"Dallas County, Texas",149769,402635,96064,344251,207882,675895
0500000US48121,"Denton County, Texas",28746,102928,42602,180472,91444,143440
0500000US48135,"Ector County, Texas",13269,30270,7551,10038,5199,27128
0500000US48139,"Ellis County, Texas",8776,33064,10010,21115,9972,14192
0500000US48141,"El Paso County, Texas",45551,132635,49954,85417,35829,186537
0500000US48157,"Fort Bend County, Texas",21592,91850,40725,146138,95679,230738
0500000US48167,"Galveston County, Texas",12588,60883,21041,45784,25038,37851
0500000US48181,"Grayson County, Texas",5032,28562,9485,13292,6667,9430
0500000US48183,"Gregg County, Texas",6948,22677,8365,12177,5805,12053
0500000US48187,"Guadalupe County, Texas",8794,32505,11906,21639,10937,11634
0500000US48201,"Harris County, Texas",244366,717709,224214,619238,357570,1238035
0500000US48203,"Harrison County, Texas",4317,14097,3223,5869,2892,2564
0500000US48209,"Hays County, Texas",8734,35664,9302,34352,16457,19908
0500000US48213,"Henderson County, Texas",8288,20776,4539,6419,2942,3781
0500000US48215,"Hidalgo County, Texas",63937,120675,25609,66693,27258,228865
0500000US48231,"Hunt County, Texas",6098,22132,3458,8107,4995,6559
0500000US48245,"Jefferson County, Texas",14256,50876,14665,23241,11779,31510
0500000US48251,"Johnson County, Texas",10891,45676,6897,15484,6257,8988
0500000US48257,"Kaufman County, Texas",8678,27021,7251,12008,4272,11581
0500000US48291,"Liberty County, Texas",6546,20849,3571,4830,2253,8284
0500000US48303,"Lubbock County, Texas",12408,47118,9881,36085,23460,19233
0500000US48309,"McLennan County, Texas",12899,41352,18897,25722,14798,20303
0500000US48329,"Midland County, Texas",8574,25432,7873,22102,10393,25883
0500000US48339,"Montgomery County, Texas",27069,92397,26633,91648,43311,84519
0500000US48347,"Nacogdoches County, Texas",2930,12161,1915,5674,3510,5083
0500000US48355,"Nueces County, Texas",21124,74364,19342,35261,21099,34295
0500000US48361,"Orange County, Texas",4678,17615,7294,9139,1528,1706
0500000US48367,"Parker County, Texas",7742,26238,12864,15826,8029,8170
0500000US48375,"Potter County, Texas",9717,23420,6521,6695,3246,16639
0500000US48381,"Randall County, Texas",3233,22474,7975,21286,10596,7698
0500000US48397,"Rockwall County, Texas",1733,12273,8268,16338,11427,9578
0500000US48409,"San Patricio County, Texas",3408,15605,2650,4802,1719,2298
0500000US48423,"Smith County, Texas",10161,36383,14770,28130,13675,19630
0500000US48439,"Tarrant County, Texas",92840,331957,103549,313604,149020,341871
0500000US48441,"Taylor County, Texas",4466,26434,7116,14728,7945,8412
0500000US48451,"Tom Green County, Texas",5019,22768,4901,10378,8069,7829
0500000US48453,"Travis County, Texas",37676,140186,50924,289692,177679,233435
0500000US48469,"Victoria County, Texas",4895,18813,6674,7124,4214,4965
0500000US48471,"Walker County, Texas",3294,18755,3325,6120,2942,6275
0500000US48479,"Webb County, Texas",24457,30963,12608,23467,8165,67581
0500000US48485,"Wichita County, Texas",7186,29657,6517,11215,7760,7137
0500000US48491,"Williamson County, Texas",12836,83064,33169,112120,52416,79290
0500000US48497,"Wise County, Texas",3493,16981,2993,5985,2108,6381
0500000US49005,"Cache County, Utah",3786,14431,4412,15449,8803,9023
0500000US49011,"Davis County, Utah",4933,43705,23073,52398,23899,18105
0500000US49035,"Salt Lake County, Utah",38404,168024,66087,181285,94789,152489
0500000US49045,"Tooele County, Utah",2405,14142,3908,7004,2874,2143
0500000US49049,"Utah County, Utah",8380,57050,32778,93027,38777,48370
0500000US49053,"Washington County, Utah",5321,25469,15716,19443,12180,10720
0500000US49057,"Weber County, Utah",8524,46785,15762,31562,12280,17051
0500000US50007,"Chittenden County, Vermont",3943,20500,9427,32404,24584,14715
0500000US51003,"Albemarle County, Virginia",2018,11320,3055,22332,22540,10723
0500000US51013,"Arlington County, Virginia",3794,12598,8085,60917,70155,52014
0500000US51015,"Augusta County, Virginia",4840,23061,3984,7909,3175,2542
0500000US51019,"Bedford County, Virginia",3726,14454,4056,10839,7066,1796
0500000US51041,"Chesterfield County, Virginia",11154,57475,19369,59383,36868,31535
0500000US51059,"Fairfax County, Virginia",24135,94511,47634,247153,242579,360500
0500000US51061,"Fauquier County, Virginia",2646,12767,4109,11079,6396,4775
0500000US51069,"Frederick County, Virginia",4521,20226,5277,9775,7691,6123
0500000US51085,"Hanover County, Virginia",3531,19502,5776,18457,11676,3845
0500000US51087,"Henrico County, Virginia",13597,50596,15565,58254,40761,44277
0500000US51095,"James City County, Virginia",1442,10840,4436,14891,14421,5609
0500000US51107,"Loudoun County, Virginia",7657,32470,16777,98459,67894,103528
0500000US51121,"Montgomery County, Virginia",1653,15374,2975,12114,13616,7990
0500000US51153,"Prince William County, Virginia",14084,54935,24911,77527,52558,122365
0500000US51161,"Roanoke County, Virginia",4803,16690,7392,16547,9573,5337
0500000US51165,"Rockingham County, Virginia",5325,20087,3681,8520,6407,5760
0500000US51177,"Spotsylvania County, Virginia",4921,25979,8602,18166,10492,12559
0500000US51179,"Stafford County, Virginia",3325,24737,7113,23959,15382,17086
0500000US51199,"York County, Virginia",1315,8636,3647,12287,11489,5398
0500000US51510,"Alexandria city, Virginia",4829,12753,6749,38790,41947,40572
0500000US51550,"Chesapeake city, Virginia",11459,40613,17963,32329,20623,18337
0500000US51650,"Hampton city, Virginia",5528,27376,8951,14510,9398,6557
0500000US51680,"Lynchburg city, Virginia",4647,10908,2903,10760,6597,3549
0500000US51700,"Newport News city, Virginia",7869,35611,13674,18141,12628,17554
0500000US51710,"Norfolk city, Virginia",12749,39397,13041,28822,17838,17479
0500000US51740,"Portsmouth city, Virginia",6366,18627,6211,9064,4666,1712
0500000US51760,"Richmond city, Virginia",17354,35423,7912,38741,25490,18924
0500000US51770,"Roanoke city, Virginia",4915,24386,5923,9459,6879,5176
0500000US51800,"Suffolk city, Virginia",4124,15761,6328,12269,7171,3921
0500000US51810,"Virginia Beach city, Virginia",13020,58145,37937,71164,47433,41966
0500000US53005,"Benton County, Washington",5568,32160,15138,27190,15810,22612
0500000US53007,"Chelan County, Washington",4926,13261,5834,9372,4035,11751
0500000US53009,"Clallam County, Washington",4166,15913,6038,9200,7936,4009
0500000US53011,"Clark County, Washington",15812,87594,35402,69032,36186,54064
0500000US53015,"Cowlitz County, Washington",5296,22743,9600,8010,3838,4989
0500000US53021,"Franklin County, Washington",6284,15039,5582,6306,3031,23546
0500000US53025,"Grant County, Washington",6459,17772,6980,8581,2250,16071
0500000US53027,"Grays Harbor County, Washington",2414,20219,6556,6307,4352,3928
0500000US53029,"Island County, Washington",2365,12417,7766,12437,8990,6110
0500000US53033,"King County, Washington",55319,233533,118926,513884,363392,557727
0500000US53035,"Kitsap County, Washington",4588,42413,20064,43853,22466,17086
0500000US53041,"Lewis County, Washington",5967,16175,6284,6948,3951,3893
0500000US53045,"Mason County, Washington",2926,14765,5388,6095,4246,3191
0500000US53053,"Pierce County, Washington",33327,170434,70828,114217,58236,90590
0500000US53057,"Skagit County, Washington",5666,23354,9085,16181,8642,12610
0500000US53061,"Snohomish County, Washington",24495,133513,64463,126101,63901,134409
0500000US53063,"Spokane County, Washington",16579,81040,47598,69847,41121,28550
0500000US53067,"Thurston County, Washington",9802,46261,22458,41091,29405,27160
0500000US53073,"Whatcom County, Washington",6940,36649,16726,34534,20117,20463
0500000US53077,"Yakima County, Washington",14449,42786,12572,17003,9510,50633
0500000US54003,"Berkeley County, West Virginia",7081,31278,6969,11741,7406,4801
0500000US54011,"Cabell County, West Virginia",5593,20535,4916,11129,6975,1619
0500000US54033,"Harrison County, West Virginia",3891,19096,4608,7690,4664,984
0500000US54039,"Kanawha County, West Virginia",9285,50478,9377,19531,14218,3394
0500000US54061,"Monongalia County, West Virginia",4407,15771,4861,13497,16424,5288
0500000US54081,"Raleigh County, West Virginia",3247,21463,3508,6175,4175,742
0500000US54107,"Wood County, West Virginia",4872,19740,6617,7628,4562,836
0500000US55009,"Brown County, Wisconsin",6563,53601,21426,38482,15388,16209
0500000US55025,"Dane County, Wisconsin",9662,60651,34327,116156,80842,49684
0500000US55027,"Dodge County, Wisconsin",4765,25052,7726,8599,2564,2441
0500000US55035,"Eau Claire County, Wisconsin",1787,17180,10234,13984,8022,3241
0500000US55039,"Fond du Lac County, Wisconsin",3842,26237,9078,11196,5974,2848
0500000US55055,"Jefferson County, Wisconsin",2568,20386,7345,11417,4632,2493
0500000US55059,"Kenosha County, Wisconsin",6409,33102,12168,20470,13446,8945
0500000US55063,"La Crosse County, Wisconsin",1939,20870,9977,17123,9798,3458
0500000US55071,"Manitowoc County, Wisconsin",2589,22273,6736,8382,4112,2918
0500000US55073,"Marathon County, Wisconsin",4938,33060,12134,16141,7219,6006
0500000US55079,"Milwaukee County, Wisconsin",41140,182195,52954,130418,69419,89815
0500000US55087,"Outagamie County, Wisconsin",5405,41131,15620,26934,11553,5216
0500000US55089,"Ozaukee County, Wisconsin",635,14486,6118,19222,11074,5301
0500000US55097,"Portage County, Wisconsin",1675,15431,4667,11395,4932,2640
0500000US55101,"Racine County, Wisconsin",11122,40845,14414,22880,12230,11125
0500000US55105,"Rock County, Wisconsin",6839,41390,12197,17198,8551,7906
0500000US55109,"St. Croix County, Wisconsin",2322,15195,8155,16641,7156,2010
0500000US55117,"Sheboygan County, Wisconsin",2806,28075,9131,16532,5963,7164
0500000US55127,"Walworth County, Wisconsin",4137,21733,5353,14250,7166,4403
0500000US55131,"Washington County, Wisconsin",4304,29361,11940,22446,7718,3220
0500000US55133,"Waukesha County, Wisconsin",6516,61336,27514,86569,45512,19216
0500000US55139,"Winnebago County, Wisconsin",6557,38072,11920,26168,10540,6701
0500000US55141,"Wood County, Wisconsin",3226,20546,6743,6671,3697,1266
0500000US56021,"Laramie County, Wyoming",2136,18995,7768,12038,8331,3385
0500000US56025,"Natrona County, Wyoming",3034,18647,6541,7628,3593,1500
0500000US72013,"Arecibo Municipio, Puerto Rico",null,null,null,null,null,null
0500000US72021,"Bayam√≥n Municipio, Puerto Rico",null,null,null,null,null,null
0500000US72025,"Caguas Municipio, Puerto Rico",null,null,null,null,null,null
0500000US72031,"Carolina Municipio, Puerto Rico",null,null,null,null,null,null
0500000US72061,"Guaynabo Municipio, Puerto Rico",null,null,null,null,null,null
0500000US72097,"Mayag√ºez Municipio, Puerto Rico",null,null,null,null,null,null
0500000US72113,"Ponce Municipio, Puerto Rico",null,null,null,null,null,null
0500000US72127,"San Juan Municipio, Puerto Rico",null,null,null,null,null,null
0500000US72135,"Toa Alta Municipio, Puerto Rico",null,null,null,null,null,null
0500000US72137,"Toa Baja Municipio, Puerto Rico",null,null,null,null,null,null
0500000US72139,"Trujillo Alto Municipio, Puerto Rico",null,null,null,null,null,null
